Designator,Val,Package,Mid X,Mid Y,Rotation,Layer
"","","",54.854800,-51.629000,0.000000,top
"","","",205.174400,-190.565400,0.000000,top
"","","",58.548400,-49.184200,180.000000,top
"","","",113.220000,-119.167400,180.000000,top
"","","",89.558000,-189.475400,0.000000,top
"","","",146.771200,-50.939000,0.000000,top
"","","",54.854800,-191.255400,0.000000,top
"","","",175.354800,-188.810600,180.000000,top
"","","",89.558000,-49.849000,0.000000,top
"","","",230.064400,-51.629000,0.000000,top
"","","",31.154800,-189.475400,0.000000,top
"","","",88.368000,-50.939000,0.000000,top
"","","",60.356400,-119.662200,0.000000,top
"","","",146.191200,-191.085400,0.000000,top
"","","",171.043200,-119.687400,180.000000,top
"","","",171.661200,-51.629000,0.000000,top
"","","",54.816800,-119.167400,180.000000,top
"","","",87.750000,-118.997400,180.000000,top
"","","",229.446400,-119.687400,180.000000,top
"","","",206.364400,-49.849000,0.000000,top
"","","",147.321200,-190.015400,0.000000,top
"","","",82.248400,-50.964200,180.000000,top
"","","",140.651600,-50.964200,180.000000,top
"","","",118.119600,-120.202200,0.000000,top
"","","",200.824800,-188.980600,180.000000,top
"","","",111.450000,-120.777400,180.000000,top
"","","",29.384800,-51.459000,0.000000,top
"","","",200.862800,-121.442200,0.000000,top
"","","",30.514800,-190.015400,0.000000,top
"","","",54.236800,-119.687400,180.000000,top
"","","",175.972800,-120.752200,0.000000,top
"","","",84.018400,-49.354200,180.000000,top
"","","",199.054800,-50.964200,180.000000,top
"","","",170.493200,-120.237400,180.000000,top
"","","",116.951600,-49.184200,180.000000,top
"","","",199.054800,-190.590600,180.000000,top
"","","",147.961200,-189.475400,0.000000,top
"","","",142.421600,-188.980600,180.000000,top
"","","",230.026400,-119.167400,180.000000,top
"","","",142.459600,-121.442200,0.000000,top
"","","",175.392800,-121.272200,0.000000,top
"","","",141.291600,-50.424200,180.000000,top
"","","",29.346800,-118.997400,180.000000,top
"","","",200.244800,-189.500600,180.000000,top
"","","",204.594400,-191.085400,0.000000,top
"","","",204.556400,-118.997400,180.000000,top
"","","",88.918000,-190.015400,0.000000,top
"","","",171.661200,-191.255400,0.000000,top
"","","",146.191200,-51.459000,0.000000,top
"","","",112.640000,-119.687400,180.000000,top
"","","",29.964800,-190.565400,0.000000,top
"","","",116.989600,-121.272200,0.000000,top
"","","",117.569600,-120.752200,0.000000,top
"","","",177.162800,-119.662200,0.000000,top
"","","",82.888400,-190.050600,180.000000,top
"","","",59.716400,-120.202200,0.000000,top
"","","",84.018400,-188.980600,180.000000,top
"","","",59.166400,-120.752200,0.000000,top
"","","",141.291600,-190.050600,180.000000,top
"","","",113.258000,-51.629000,0.000000,top
"","","",113.258000,-191.255400,0.000000,top
"","","",228.256400,-120.777400,180.000000,top
"","","",204.594400,-51.459000,0.000000,top
"","","",118.759600,-119.662200,0.000000,top
"","","",141.841600,-189.500600,180.000000,top
"","","",87.788000,-191.085400,0.000000,top
"","","",200.244800,-49.874200,180.000000,top
"","","",141.841600,-49.874200,180.000000,top
"","","",84.056400,-121.442200,0.000000,top
"","","",30.514800,-50.389000,0.000000,top
"","","",147.961200,-49.849000,0.000000,top
"","","",146.771200,-190.565400,0.000000,top
"","","",205.174400,-50.939000,0.000000,top
"","","",58.548400,-188.810600,180.000000,top
"","","",140.651600,-190.590600,180.000000,top
"","","",116.951600,-188.810600,180.000000,top
"","","",82.888400,-50.424200,180.000000,top
"","","",169.853200,-120.777400,180.000000,top
"","","",199.694800,-50.424200,180.000000,top
"","","",200.824800,-49.354200,180.000000,top
"","","",171.623200,-119.167400,180.000000,top
"","","",205.724400,-190.015400,0.000000,top
"","","",205.724400,-50.389000,0.000000,top
"","","",206.364400,-189.475400,0.000000,top
"","","",175.354800,-49.184200,180.000000,top
"","","",88.918000,-50.389000,0.000000,top
"","","",147.321200,-50.389000,0.000000,top
"","","",112.090000,-120.237400,180.000000,top
"","","",176.522800,-120.202200,0.000000,top
"","","",53.686800,-120.237400,180.000000,top
"","","",82.248400,-190.590600,180.000000,top
"","","",53.046800,-120.777400,180.000000,top
"","","",228.896400,-120.237400,180.000000,top
"","","",142.421600,-49.354200,180.000000,top
"","","",230.064400,-191.255400,0.000000,top
"","","",29.384800,-191.085400,0.000000,top
"","","",199.694800,-190.050600,180.000000,top
"","","",146.153200,-118.997400,180.000000,top
"","","",87.788000,-51.459000,0.000000,top
"","","",88.368000,-190.565400,0.000000,top
"","","",31.154800,-49.849000,0.000000,top
"","","",58.586400,-121.272200,0.000000,top
"","","",83.438400,-49.874200,180.000000,top
"","","",83.438400,-189.500600,180.000000,top
"","","",29.964800,-50.939000,0.000000,top
"C1","100nF","C_0805_2012Metric",100.648000,-70.369000,-90.000000,top
"C1","100nF","C_0805_2012Metric",42.244800,-70.369000,-90.000000,top
"C1","100nF","C_0805_2012Metric",41.956800,-100.257400,90.000000,top
"C1","100nF","C_0805_2012Metric",129.849600,-140.182200,-90.000000,top
"C1","100nF","C_0805_2012Metric",129.561600,-30.444200,90.000000,top
"C1","100nF","C_0805_2012Metric",187.964800,-30.444200,90.000000,top
"C1","100nF","C_0805_2012Metric",71.158400,-30.444200,90.000000,top
"C1","100nF","C_0805_2012Metric",100.648000,-209.995400,-90.000000,top
"C1","100nF","C_0805_2012Metric",159.051200,-70.369000,-90.000000,top
"C1","100nF","C_0805_2012Metric",71.158400,-170.070600,90.000000,top
"C1","100nF","C_0805_2012Metric",217.454400,-70.369000,-90.000000,top
"C1","100nF","C_0805_2012Metric",217.454400,-209.995400,-90.000000,top
"C1","100nF","C_0805_2012Metric",187.964800,-170.070600,90.000000,top
"C1","100nF","C_0805_2012Metric",42.244800,-209.995400,-90.000000,top
"C1","100nF","C_0805_2012Metric",129.561600,-170.070600,90.000000,top
"C1","100nF","C_0805_2012Metric",188.252800,-140.182200,-90.000000,top
"C1","100nF","C_0805_2012Metric",100.360000,-100.257400,90.000000,top
"C1","100nF","C_0805_2012Metric",159.051200,-209.995400,-90.000000,top
"C1","100nF","C_0805_2012Metric",158.763200,-100.257400,90.000000,top
"C1","100nF","C_0805_2012Metric",71.446400,-140.182200,-90.000000,top
"C1","100nF","C_0805_2012Metric",217.166400,-100.257400,90.000000,top
"C2","10uF","C_0805_2012Metric",103.748000,-75.119000,-90.000000,top
"C2","10uF","C_0805_2012Metric",45.344800,-214.745400,-90.000000,top
"C2","10uF","C_0805_2012Metric",184.864800,-25.694200,90.000000,top
"C2","10uF","C_0805_2012Metric",132.949600,-144.932200,-90.000000,top
"C2","10uF","C_0805_2012Metric",68.058400,-165.320600,90.000000,top
"C2","10uF","C_0805_2012Metric",220.554400,-214.745400,-90.000000,top
"C2","10uF","C_0805_2012Metric",126.461600,-165.320600,90.000000,top
"C2","10uF","C_0805_2012Metric",162.151200,-75.119000,-90.000000,top
"C2","10uF","C_0805_2012Metric",97.260000,-95.507400,90.000000,top
"C2","10uF","C_0805_2012Metric",45.344800,-75.119000,-90.000000,top
"C2","10uF","C_0805_2012Metric",191.352800,-144.932200,-90.000000,top
"C2","10uF","C_0805_2012Metric",162.151200,-214.745400,-90.000000,top
"C2","10uF","C_0805_2012Metric",68.058400,-25.694200,90.000000,top
"C2","10uF","C_0805_2012Metric",74.546400,-144.932200,-90.000000,top
"C2","10uF","C_0805_2012Metric",103.748000,-214.745400,-90.000000,top
"C2","10uF","C_0805_2012Metric",126.461600,-25.694200,90.000000,top
"C2","10uF","C_0805_2012Metric",38.856800,-95.507400,90.000000,top
"C2","10uF","C_0805_2012Metric",155.663200,-95.507400,90.000000,top
"C2","10uF","C_0805_2012Metric",184.864800,-165.320600,90.000000,top
"C2","10uF","C_0805_2012Metric",214.066400,-95.507400,90.000000,top
"C2","10uF","C_0805_2012Metric",220.554400,-75.119000,-90.000000,top
"C3","10uF","C_0805_2012Metric",97.498000,-214.745400,-90.000000,top
"C3","10uF","C_0805_2012Metric",132.711600,-165.320600,90.000000,top
"C3","10uF","C_0805_2012Metric",191.114800,-25.694200,90.000000,top
"C3","10uF","C_0805_2012Metric",103.510000,-95.507400,90.000000,top
"C3","10uF","C_0805_2012Metric",155.901200,-214.745400,-90.000000,top
"C3","10uF","C_0805_2012Metric",214.304400,-75.119000,-90.000000,top
"C3","10uF","C_0805_2012Metric",185.102800,-144.932200,-90.000000,top
"C3","10uF","C_0805_2012Metric",220.316400,-95.507400,90.000000,top
"C3","10uF","C_0805_2012Metric",39.094800,-75.119000,-90.000000,top
"C3","10uF","C_0805_2012Metric",45.106800,-95.507400,90.000000,top
"C3","10uF","C_0805_2012Metric",126.699600,-144.932200,-90.000000,top
"C3","10uF","C_0805_2012Metric",74.308400,-165.320600,90.000000,top
"C3","10uF","C_0805_2012Metric",39.094800,-214.745400,-90.000000,top
"C3","10uF","C_0805_2012Metric",68.296400,-144.932200,-90.000000,top
"C3","10uF","C_0805_2012Metric",74.308400,-25.694200,90.000000,top
"C3","10uF","C_0805_2012Metric",155.901200,-75.119000,-90.000000,top
"C3","10uF","C_0805_2012Metric",191.114800,-165.320600,90.000000,top
"C3","10uF","C_0805_2012Metric",161.913200,-95.507400,90.000000,top
"C3","10uF","C_0805_2012Metric",97.498000,-75.119000,-90.000000,top
"C3","10uF","C_0805_2012Metric",132.711600,-25.694200,90.000000,top
"C3","10uF","C_0805_2012Metric",214.304400,-214.745400,-90.000000,top
"D1","LED_ARGB","LED_RGB_Wuerth-PLCC4_3.2x2.8mm_150141M173100",100.560000,-140.057400,0.000000,top
"D1","LED_ARGB","LED_RGB_Wuerth-PLCC4_3.2x2.8mm_150141M173100",129.761600,-209.870600,0.000000,top
"D1","LED_ARGB","LED_RGB_Wuerth-PLCC4_3.2x2.8mm_150141M173100",158.963200,-140.057400,0.000000,top
"D1","LED_ARGB","LED_RGB_Wuerth-PLCC4_3.2x2.8mm_150141M173100",188.052800,-100.382200,180.000000,top
"D1","LED_ARGB","LED_RGB_Wuerth-PLCC4_3.2x2.8mm_150141M173100",42.044800,-170.195400,180.000000,top
"D1","LED_ARGB","LED_RGB_Wuerth-PLCC4_3.2x2.8mm_150141M173100",100.448000,-170.195400,180.000000,top
"D1","LED_ARGB","LED_RGB_Wuerth-PLCC4_3.2x2.8mm_150141M173100",71.358400,-70.244200,0.000000,top
"D1","LED_ARGB","LED_RGB_Wuerth-PLCC4_3.2x2.8mm_150141M173100",71.246400,-100.382200,180.000000,top
"D1","LED_ARGB","LED_RGB_Wuerth-PLCC4_3.2x2.8mm_150141M173100",129.761600,-70.244200,0.000000,top
"D1","LED_ARGB","LED_RGB_Wuerth-PLCC4_3.2x2.8mm_150141M173100",100.448000,-30.569000,180.000000,top
"D1","LED_ARGB","LED_RGB_Wuerth-PLCC4_3.2x2.8mm_150141M173100",188.164800,-209.870600,0.000000,top
"D1","LED_ARGB","LED_RGB_Wuerth-PLCC4_3.2x2.8mm_150141M173100",217.366400,-140.057400,0.000000,top
"D1","LED_ARGB","LED_RGB_Wuerth-PLCC4_3.2x2.8mm_150141M173100",158.851200,-170.195400,180.000000,top
"D1","LED_ARGB","LED_RGB_Wuerth-PLCC4_3.2x2.8mm_150141M173100",158.851200,-30.569000,180.000000,top
"D1","LED_ARGB","LED_RGB_Wuerth-PLCC4_3.2x2.8mm_150141M173100",217.254400,-30.569000,180.000000,top
"D1","LED_ARGB","LED_RGB_Wuerth-PLCC4_3.2x2.8mm_150141M173100",71.358400,-209.870600,0.000000,top
"D1","LED_ARGB","LED_RGB_Wuerth-PLCC4_3.2x2.8mm_150141M173100",42.044800,-30.569000,180.000000,top
"D1","LED_ARGB","LED_RGB_Wuerth-PLCC4_3.2x2.8mm_150141M173100",42.156800,-140.057400,0.000000,top
"D1","LED_ARGB","LED_RGB_Wuerth-PLCC4_3.2x2.8mm_150141M173100",129.649600,-100.382200,180.000000,top
"D1","LED_ARGB","LED_RGB_Wuerth-PLCC4_3.2x2.8mm_150141M173100",217.254400,-170.195400,180.000000,top
"D1","LED_ARGB","LED_RGB_Wuerth-PLCC4_3.2x2.8mm_150141M173100",188.164800,-70.244200,0.000000,top
"D2","LED","LED_0805_2012Metric",134.011600,-66.994200,180.000000,top
"D2","LED","LED_0805_2012Metric",183.802800,-103.632200,0.000000,top
"D2","LED","LED_0805_2012Metric",75.608400,-206.620600,180.000000,top
"D2","LED","LED_0805_2012Metric",192.414800,-66.994200,180.000000,top
"D2","LED","LED_0805_2012Metric",213.004400,-173.445400,0.000000,top
"D2","LED","LED_0805_2012Metric",104.810000,-136.807400,180.000000,top
"D2","LED","LED_0805_2012Metric",125.399600,-103.632200,0.000000,top
"D2","LED","LED_0805_2012Metric",96.198000,-33.819000,0.000000,top
"D2","LED","LED_0805_2012Metric",213.004400,-33.819000,0.000000,top
"D2","LED","LED_0805_2012Metric",134.011600,-206.620600,180.000000,top
"D2","LED","LED_0805_2012Metric",37.794800,-33.819000,0.000000,top
"D2","LED","LED_0805_2012Metric",221.616400,-136.807400,180.000000,top
"D2","LED","LED_0805_2012Metric",192.414800,-206.620600,180.000000,top
"D2","LED","LED_0805_2012Metric",37.794800,-173.445400,0.000000,top
"D2","LED","LED_0805_2012Metric",163.213200,-136.807400,180.000000,top
"D2","LED","LED_0805_2012Metric",96.198000,-173.445400,0.000000,top
"D2","LED","LED_0805_2012Metric",46.406800,-136.807400,180.000000,top
"D2","LED","LED_0805_2012Metric",154.601200,-173.445400,0.000000,top
"D2","LED","LED_0805_2012Metric",75.608400,-66.994200,180.000000,top
"D2","LED","LED_0805_2012Metric",154.601200,-33.819000,0.000000,top
"D2","LED","LED_0805_2012Metric",66.996400,-103.632200,0.000000,top
"D3","LED","LED_0805_2012Metric",221.691900,-173.445400,180.000000,top
"D3","LED","LED_0805_2012Metric",163.288700,-33.819000,180.000000,top
"D3","LED","LED_0805_2012Metric",75.683900,-103.632200,180.000000,top
"D3","LED","LED_0805_2012Metric",212.928900,-136.807400,0.000000,top
"D3","LED","LED_0805_2012Metric",46.482300,-33.819000,180.000000,top
"D3","LED","LED_0805_2012Metric",37.719300,-136.807400,0.000000,top
"D3","LED","LED_0805_2012Metric",96.122500,-136.807400,0.000000,top
"D3","LED","LED_0805_2012Metric",221.691900,-33.819000,180.000000,top
"D3","LED","LED_0805_2012Metric",104.885500,-173.445400,180.000000,top
"D3","LED","LED_0805_2012Metric",125.324100,-66.994200,0.000000,top
"D3","LED","LED_0805_2012Metric",163.288700,-173.445400,180.000000,top
"D3","LED","LED_0805_2012Metric",46.482300,-173.445400,180.000000,top
"D3","LED","LED_0805_2012Metric",66.920900,-206.620600,0.000000,top
"D3","LED","LED_0805_2012Metric",183.727300,-66.994200,0.000000,top
"D3","LED","LED_0805_2012Metric",104.885500,-33.819000,180.000000,top
"D3","LED","LED_0805_2012Metric",192.490300,-103.632200,180.000000,top
"D3","LED","LED_0805_2012Metric",66.920900,-66.994200,0.000000,top
"D3","LED","LED_0805_2012Metric",154.525700,-136.807400,0.000000,top
"D3","LED","LED_0805_2012Metric",183.727300,-206.620600,0.000000,top
"D3","LED","LED_0805_2012Metric",125.324100,-206.620600,0.000000,top
"D3","LED","LED_0805_2012Metric",134.087100,-103.632200,180.000000,top
"D4","LED","LED_0805_2012Metric",114.837100,-138.632200,0.000000,top
"D4","LED","LED_0805_2012Metric",232.178900,-101.807400,180.000000,top
"D4","LED","LED_0805_2012Metric",115.372500,-101.807400,180.000000,top
"D4","LED","LED_0805_2012Metric",202.441900,-208.445400,0.000000,top
"D4","LED","LED_0805_2012Metric",173.775700,-101.807400,180.000000,top
"D4","LED","LED_0805_2012Metric",202.441900,-68.819000,0.000000,top
"D4","LED","LED_0805_2012Metric",27.232300,-208.445400,0.000000,top
"D4","LED","LED_0805_2012Metric",144.574100,-171.620600,180.000000,top
"D4","LED","LED_0805_2012Metric",56.433900,-138.632200,0.000000,top
"D4","LED","LED_0805_2012Metric",202.977300,-171.620600,180.000000,top
"D4","LED","LED_0805_2012Metric",86.170900,-171.620600,180.000000,top
"D4","LED","LED_0805_2012Metric",144.574100,-31.994200,180.000000,top
"D4","LED","LED_0805_2012Metric",86.170900,-31.994200,180.000000,top
"D4","LED","LED_0805_2012Metric",56.969300,-101.807400,180.000000,top
"D4","LED","LED_0805_2012Metric",202.977300,-31.994200,180.000000,top
"D4","LED","LED_0805_2012Metric",85.635500,-68.819000,0.000000,top
"D4","LED","LED_0805_2012Metric",85.635500,-208.445400,0.000000,top
"D4","LED","LED_0805_2012Metric",27.232300,-68.819000,0.000000,top
"D4","LED","LED_0805_2012Metric",144.038700,-68.819000,0.000000,top
"D4","LED","LED_0805_2012Metric",144.038700,-208.445400,0.000000,top
"D4","LED","LED_0805_2012Metric",173.240300,-138.632200,0.000000,top
"D5","LED","LED_0805_2012Metric",232.316900,-68.819000,180.000000,top
"D5","LED","LED_0805_2012Metric",144.712100,-138.632200,180.000000,top
"D5","LED","LED_0805_2012Metric",114.699100,-171.620600,0.000000,top
"D5","LED","LED_0805_2012Metric",173.913700,-68.819000,180.000000,top
"D5","LED","LED_0805_2012Metric",57.107300,-208.445400,180.000000,top
"D5","LED","LED_0805_2012Metric",143.900700,-101.807400,0.000000,top
"D5","LED","LED_0805_2012Metric",232.316900,-208.445400,180.000000,top
"D5","LED","LED_0805_2012Metric",173.913700,-208.445400,180.000000,top
"D5","LED","LED_0805_2012Metric",56.295900,-171.620600,0.000000,top
"D5","LED","LED_0805_2012Metric",115.510500,-68.819000,180.000000,top
"D5","LED","LED_0805_2012Metric",56.295900,-31.994200,0.000000,top
"D5","LED","LED_0805_2012Metric",173.102300,-31.994200,0.000000,top
"D5","LED","LED_0805_2012Metric",86.308900,-138.632200,180.000000,top
"D5","LED","LED_0805_2012Metric",203.115300,-138.632200,180.000000,top
"D5","LED","LED_0805_2012Metric",115.510500,-208.445400,180.000000,top
"D5","LED","LED_0805_2012Metric",114.699100,-31.994200,0.000000,top
"D5","LED","LED_0805_2012Metric",27.094300,-101.807400,0.000000,top
"D5","LED","LED_0805_2012Metric",173.102300,-171.620600,0.000000,top
"D5","LED","LED_0805_2012Metric",57.107300,-68.819000,180.000000,top
"D5","LED","LED_0805_2012Metric",85.497500,-101.807400,0.000000,top
"D5","LED","LED_0805_2012Metric",202.303900,-101.807400,0.000000,top
"D6","LED","LED_0805_2012Metric",55.656800,-110.557400,180.000000,top
"D6","LED","LED_0805_2012Metric",84.858400,-180.370600,180.000000,top
"D6","LED","LED_0805_2012Metric",28.544800,-60.069000,0.000000,top
"D6","LED","LED_0805_2012Metric",143.261600,-40.744200,180.000000,top
"D6","LED","LED_0805_2012Metric",57.746400,-129.882200,0.000000,top
"D6","LED","LED_0805_2012Metric",145.351200,-60.069000,0.000000,top
"D6","LED","LED_0805_2012Metric",145.351200,-199.695400,0.000000,top
"D6","LED","LED_0805_2012Metric",203.754400,-199.695400,0.000000,top
"D6","LED","LED_0805_2012Metric",230.866400,-110.557400,180.000000,top
"D6","LED","LED_0805_2012Metric",116.149600,-129.882200,0.000000,top
"D6","LED","LED_0805_2012Metric",86.948000,-199.695400,0.000000,top
"D6","LED","LED_0805_2012Metric",203.754400,-60.069000,0.000000,top
"D6","LED","LED_0805_2012Metric",201.664800,-40.744200,180.000000,top
"D6","LED","LED_0805_2012Metric",143.261600,-180.370600,180.000000,top
"D6","LED","LED_0805_2012Metric",114.060000,-110.557400,180.000000,top
"D6","LED","LED_0805_2012Metric",86.948000,-60.069000,0.000000,top
"D6","LED","LED_0805_2012Metric",172.463200,-110.557400,180.000000,top
"D6","LED","LED_0805_2012Metric",84.858400,-40.744200,180.000000,top
"D6","LED","LED_0805_2012Metric",28.544800,-199.695400,0.000000,top
"D6","LED","LED_0805_2012Metric",201.664800,-180.370600,180.000000,top
"D6","LED","LED_0805_2012Metric",174.552800,-129.882200,0.000000,top
"D7","LED","LED_0805_2012Metric",116.199100,-40.744200,0.000000,top
"D7","LED","LED_0805_2012Metric",172.413700,-60.069000,180.000000,top
"D7","LED","LED_0805_2012Metric",230.816900,-199.695400,180.000000,top
"D7","LED","LED_0805_2012Metric",172.413700,-199.695400,180.000000,top
"D7","LED","LED_0805_2012Metric",55.607300,-199.695400,180.000000,top
"D7","LED","LED_0805_2012Metric",84.808900,-129.882200,180.000000,top
"D7","LED","LED_0805_2012Metric",201.615300,-129.882200,180.000000,top
"D7","LED","LED_0805_2012Metric",86.997500,-110.557400,0.000000,top
"D7","LED","LED_0805_2012Metric",145.400700,-110.557400,0.000000,top
"D7","LED","LED_0805_2012Metric",57.795900,-40.744200,0.000000,top
"D7","LED","LED_0805_2012Metric",114.010500,-60.069000,180.000000,top
"D7","LED","LED_0805_2012Metric",230.816900,-60.069000,180.000000,top
"D7","LED","LED_0805_2012Metric",174.602300,-180.370600,0.000000,top
"D7","LED","LED_0805_2012Metric",55.607300,-60.069000,180.000000,top
"D7","LED","LED_0805_2012Metric",57.795900,-180.370600,0.000000,top
"D7","LED","LED_0805_2012Metric",114.010500,-199.695400,180.000000,top
"D7","LED","LED_0805_2012Metric",143.212100,-129.882200,180.000000,top
"D7","LED","LED_0805_2012Metric",203.803900,-110.557400,0.000000,top
"D7","LED","LED_0805_2012Metric",174.602300,-40.744200,0.000000,top
"D7","LED","LED_0805_2012Metric",116.199100,-180.370600,0.000000,top
"D7","LED","LED_0805_2012Metric",28.594300,-110.557400,0.000000,top
"D8","LED","LED_0805_2012Metric",93.510500,-182.445400,0.000000,top
"D8","LED","LED_0805_2012Metric",122.712100,-112.632200,0.000000,top
"D8","LED","LED_0805_2012Metric",195.102300,-197.620600,180.000000,top
"D8","LED","LED_0805_2012Metric",136.699100,-57.994200,180.000000,top
"D8","LED","LED_0805_2012Metric",224.303900,-127.807400,180.000000,top
"D8","LED","LED_0805_2012Metric",151.913700,-182.445400,0.000000,top
"D8","LED","LED_0805_2012Metric",151.913700,-42.819000,0.000000,top
"D8","LED","LED_0805_2012Metric",210.316900,-182.445400,0.000000,top
"D8","LED","LED_0805_2012Metric",107.497500,-127.807400,180.000000,top
"D8","LED","LED_0805_2012Metric",195.102300,-57.994200,180.000000,top
"D8","LED","LED_0805_2012Metric",64.308900,-112.632200,0.000000,top
"D8","LED","LED_0805_2012Metric",78.295900,-197.620600,180.000000,top
"D8","LED","LED_0805_2012Metric",78.295900,-57.994200,180.000000,top
"D8","LED","LED_0805_2012Metric",165.900700,-127.807400,180.000000,top
"D8","LED","LED_0805_2012Metric",49.094300,-127.807400,180.000000,top
"D8","LED","LED_0805_2012Metric",181.115300,-112.632200,0.000000,top
"D8","LED","LED_0805_2012Metric",210.316900,-42.819000,0.000000,top
"D8","LED","LED_0805_2012Metric",136.699100,-197.620600,180.000000,top
"D8","LED","LED_0805_2012Metric",93.510500,-42.819000,0.000000,top
"D8","LED","LED_0805_2012Metric",35.107300,-182.445400,0.000000,top
"D8","LED","LED_0805_2012Metric",35.107300,-42.819000,0.000000,top
"D9","LED","LED_0805_2012Metric",78.308900,-112.632200,180.000000,top
"D9","LED","LED_0805_2012Metric",49.107300,-42.819000,180.000000,top
"D9","LED","LED_0805_2012Metric",49.107300,-182.445400,180.000000,top
"D9","LED","LED_0805_2012Metric",107.510500,-42.819000,180.000000,top
"D9","LED","LED_0805_2012Metric",165.913700,-182.445400,180.000000,top
"D9","LED","LED_0805_2012Metric",64.295900,-197.620600,0.000000,top
"D9","LED","LED_0805_2012Metric",35.094300,-127.807400,0.000000,top
"D9","LED","LED_0805_2012Metric",181.102300,-197.620600,0.000000,top
"D9","LED","LED_0805_2012Metric",165.913700,-42.819000,180.000000,top
"D9","LED","LED_0805_2012Metric",210.303900,-127.807400,0.000000,top
"D9","LED","LED_0805_2012Metric",64.295900,-57.994200,0.000000,top
"D9","LED","LED_0805_2012Metric",122.699100,-197.620600,0.000000,top
"D9","LED","LED_0805_2012Metric",151.900700,-127.807400,0.000000,top
"D9","LED","LED_0805_2012Metric",224.316900,-182.445400,180.000000,top
"D9","LED","LED_0805_2012Metric",136.712100,-112.632200,180.000000,top
"D9","LED","LED_0805_2012Metric",181.102300,-57.994200,0.000000,top
"D9","LED","LED_0805_2012Metric",195.115300,-112.632200,180.000000,top
"D9","LED","LED_0805_2012Metric",224.316900,-42.819000,180.000000,top
"D9","LED","LED_0805_2012Metric",107.510500,-182.445400,180.000000,top
"D9","LED","LED_0805_2012Metric",93.497500,-127.807400,0.000000,top
"D9","LED","LED_0805_2012Metric",122.699100,-57.994200,0.000000,top
"D10","LED","LED_0805_2012Metric",198.602300,-187.870600,180.000000,top
"D10","LED","LED_0805_2012Metric",81.795900,-48.244200,180.000000,top
"D10","LED","LED_0805_2012Metric",90.010500,-52.569000,0.000000,top
"D10","LED","LED_0805_2012Metric",206.816900,-52.569000,0.000000,top
"D10","LED","LED_0805_2012Metric",60.808900,-122.382200,0.000000,top
"D10","LED","LED_0805_2012Metric",90.010500,-192.195400,0.000000,top
"D10","LED","LED_0805_2012Metric",31.607300,-52.569000,0.000000,top
"D10","LED","LED_0805_2012Metric",206.816900,-192.195400,0.000000,top
"D10","LED","LED_0805_2012Metric",198.602300,-48.244200,180.000000,top
"D10","LED","LED_0805_2012Metric",119.212100,-122.382200,0.000000,top
"D10","LED","LED_0805_2012Metric",110.997500,-118.057400,180.000000,top
"D10","LED","LED_0805_2012Metric",81.795900,-187.870600,180.000000,top
"D10","LED","LED_0805_2012Metric",177.615300,-122.382200,0.000000,top
"D10","LED","LED_0805_2012Metric",227.803900,-118.057400,180.000000,top
"D10","LED","LED_0805_2012Metric",169.400700,-118.057400,180.000000,top
"D10","LED","LED_0805_2012Metric",52.594300,-118.057400,180.000000,top
"D10","LED","LED_0805_2012Metric",140.199100,-48.244200,180.000000,top
"D10","LED","LED_0805_2012Metric",31.607300,-192.195400,0.000000,top
"D10","LED","LED_0805_2012Metric",148.413700,-52.569000,0.000000,top
"D10","LED","LED_0805_2012Metric",140.199100,-187.870600,180.000000,top
"D10","LED","LED_0805_2012Metric",148.413700,-192.195400,0.000000,top
"D11","LED","LED_0805_2012Metric",60.795900,-48.244200,0.000000,top
"D11","LED","LED_0805_2012Metric",148.400700,-118.057400,0.000000,top
"D11","LED","LED_0805_2012Metric",31.594300,-118.057400,0.000000,top
"D11","LED","LED_0805_2012Metric",140.212100,-122.382200,180.000000,top
"D11","LED","LED_0805_2012Metric",177.602300,-48.244200,0.000000,top
"D11","LED","LED_0805_2012Metric",89.997500,-118.057400,0.000000,top
"D11","LED","LED_0805_2012Metric",60.795900,-187.870600,0.000000,top
"D11","LED","LED_0805_2012Metric",227.816900,-52.569000,180.000000,top
"D11","LED","LED_0805_2012Metric",81.808900,-122.382200,180.000000,top
"D11","LED","LED_0805_2012Metric",206.803900,-118.057400,0.000000,top
"D11","LED","LED_0805_2012Metric",177.602300,-187.870600,0.000000,top
"D11","LED","LED_0805_2012Metric",169.413700,-192.195400,180.000000,top
"D11","LED","LED_0805_2012Metric",119.199100,-48.244200,0.000000,top
"D11","LED","LED_0805_2012Metric",52.607300,-192.195400,180.000000,top
"D11","LED","LED_0805_2012Metric",119.199100,-187.870600,0.000000,top
"D11","LED","LED_0805_2012Metric",111.010500,-192.195400,180.000000,top
"D11","LED","LED_0805_2012Metric",169.413700,-52.569000,180.000000,top
"D11","LED","LED_0805_2012Metric",198.615300,-122.382200,180.000000,top
"D11","LED","LED_0805_2012Metric",52.607300,-52.569000,180.000000,top
"D11","LED","LED_0805_2012Metric",111.010500,-52.569000,180.000000,top
"D11","LED","LED_0805_2012Metric",227.816900,-192.195400,180.000000,top
"D12","LED","LED_0805_2012Metric",104.872500,-100.196400,180.000000,top
"D12","LED","LED_0805_2012Metric",134.074100,-30.383200,180.000000,top
"D12","LED","LED_0805_2012Metric",192.477300,-170.009600,180.000000,top
"D12","LED","LED_0805_2012Metric",66.933900,-140.243200,0.000000,top
"D12","LED","LED_0805_2012Metric",212.941900,-210.056400,0.000000,top
"D12","LED","LED_0805_2012Metric",96.135500,-210.056400,0.000000,top
"D12","LED","LED_0805_2012Metric",37.732300,-210.056400,0.000000,top
"D12","LED","LED_0805_2012Metric",75.670900,-170.009600,180.000000,top
"D12","LED","LED_0805_2012Metric",134.074100,-170.009600,180.000000,top
"D12","LED","LED_0805_2012Metric",37.732300,-70.430000,0.000000,top
"D12","LED","LED_0805_2012Metric",212.941900,-70.430000,0.000000,top
"D12","LED","LED_0805_2012Metric",221.678900,-100.196400,180.000000,top
"D12","LED","LED_0805_2012Metric",154.538700,-70.430000,0.000000,top
"D12","LED","LED_0805_2012Metric",46.469300,-100.196400,180.000000,top
"D12","LED","LED_0805_2012Metric",75.670900,-30.383200,180.000000,top
"D12","LED","LED_0805_2012Metric",96.135500,-70.430000,0.000000,top
"D12","LED","LED_0805_2012Metric",154.538700,-210.056400,0.000000,top
"D12","LED","LED_0805_2012Metric",125.337100,-140.243200,0.000000,top
"D12","LED","LED_0805_2012Metric",183.740300,-140.243200,0.000000,top
"D12","LED","LED_0805_2012Metric",192.477300,-30.383200,180.000000,top
"D12","LED","LED_0805_2012Metric",163.275700,-100.196400,180.000000,top
"D13","LED","LED_0805_2012Metric",183.852300,-30.383200,0.000000,top
"D13","LED","LED_0805_2012Metric",221.566900,-70.430000,180.000000,top
"D13","LED","LED_0805_2012Metric",67.045900,-170.009600,0.000000,top
"D13","LED","LED_0805_2012Metric",221.566900,-210.056400,180.000000,top
"D13","LED","LED_0805_2012Metric",125.449100,-30.383200,0.000000,top
"D13","LED","LED_0805_2012Metric",37.844300,-100.196400,0.000000,top
"D13","LED","LED_0805_2012Metric",75.558900,-140.243200,180.000000,top
"D13","LED","LED_0805_2012Metric",213.053900,-100.196400,0.000000,top
"D13","LED","LED_0805_2012Metric",192.365300,-140.243200,180.000000,top
"D13","LED","LED_0805_2012Metric",96.247500,-100.196400,0.000000,top
"D13","LED","LED_0805_2012Metric",154.650700,-100.196400,0.000000,top
"D13","LED","LED_0805_2012Metric",163.163700,-70.430000,180.000000,top
"D13","LED","LED_0805_2012Metric",46.357300,-210.056400,180.000000,top
"D13","LED","LED_0805_2012Metric",163.163700,-210.056400,180.000000,top
"D13","LED","LED_0805_2012Metric",104.760500,-70.430000,180.000000,top
"D13","LED","LED_0805_2012Metric",46.357300,-70.430000,180.000000,top
"D13","LED","LED_0805_2012Metric",133.962100,-140.243200,180.000000,top
"D13","LED","LED_0805_2012Metric",125.449100,-170.009600,0.000000,top
"D13","LED","LED_0805_2012Metric",104.760500,-210.056400,180.000000,top
"D13","LED","LED_0805_2012Metric",67.045900,-30.383200,0.000000,top
"D13","LED","LED_0805_2012Metric",183.852300,-170.009600,0.000000,top
"J1","Conn_01x04","PinHeader_1x04_P1.27mm_Vertical",76.996400,-136.882200,180.000000,top
"J1","Conn_01x04","PinHeader_1x04_P1.27mm_Vertical",135.399600,-136.882200,180.000000,top
"J1","Conn_01x04","PinHeader_1x04_P1.27mm_Vertical",106.198000,-206.695400,180.000000,top
"J1","Conn_01x04","PinHeader_1x04_P1.27mm_Vertical",47.794800,-206.695400,180.000000,top
"J1","Conn_01x04","PinHeader_1x04_P1.27mm_Vertical",182.414800,-33.744200,0.000000,top
"J1","Conn_01x04","PinHeader_1x04_P1.27mm_Vertical",223.004400,-206.695400,180.000000,top
"J1","Conn_01x04","PinHeader_1x04_P1.27mm_Vertical",124.011600,-173.370600,0.000000,top
"J1","Conn_01x04","PinHeader_1x04_P1.27mm_Vertical",153.213200,-103.557400,0.000000,top
"J1","Conn_01x04","PinHeader_1x04_P1.27mm_Vertical",65.608400,-33.744200,0.000000,top
"J1","Conn_01x04","PinHeader_1x04_P1.27mm_Vertical",223.004400,-67.069000,180.000000,top
"J1","Conn_01x04","PinHeader_1x04_P1.27mm_Vertical",193.802800,-136.882200,180.000000,top
"J1","Conn_01x04","PinHeader_1x04_P1.27mm_Vertical",182.414800,-173.370600,0.000000,top
"J1","Conn_01x04","PinHeader_1x04_P1.27mm_Vertical",94.810000,-103.557400,0.000000,top
"J1","Conn_01x04","PinHeader_1x04_P1.27mm_Vertical",65.608400,-173.370600,0.000000,top
"J1","Conn_01x04","PinHeader_1x04_P1.27mm_Vertical",47.794800,-67.069000,180.000000,top
"J1","Conn_01x04","PinHeader_1x04_P1.27mm_Vertical",124.011600,-33.744200,0.000000,top
"J1","Conn_01x04","PinHeader_1x04_P1.27mm_Vertical",164.601200,-206.695400,180.000000,top
"J1","Conn_01x04","PinHeader_1x04_P1.27mm_Vertical",164.601200,-67.069000,180.000000,top
"J1","Conn_01x04","PinHeader_1x04_P1.27mm_Vertical",106.198000,-67.069000,180.000000,top
"J1","Conn_01x04","PinHeader_1x04_P1.27mm_Vertical",36.406800,-103.557400,0.000000,top
"J1","Conn_01x04","PinHeader_1x04_P1.27mm_Vertical",211.616400,-103.557400,0.000000,top
"L1","L","L_1008_2520Metric",157.351200,-37.744000,90.000000,top
"L1","L","L_1008_2520Metric",215.754400,-37.744000,90.000000,top
"L1","L","L_1008_2520Metric",128.149600,-107.557200,90.000000,top
"L1","L","L_1008_2520Metric",131.261600,-63.069200,-90.000000,top
"L1","L","L_1008_2520Metric",157.351200,-177.370400,90.000000,top
"L1","L","L_1008_2520Metric",98.948000,-177.370400,90.000000,top
"L1","L","L_1008_2520Metric",72.858400,-63.069200,-90.000000,top
"L1","L","L_1008_2520Metric",72.858400,-202.695600,-90.000000,top
"L1","L","L_1008_2520Metric",189.664800,-63.069200,-90.000000,top
"L1","L","L_1008_2520Metric",186.552800,-107.557200,90.000000,top
"L1","L","L_1008_2520Metric",98.948000,-37.744000,90.000000,top
"L1","L","L_1008_2520Metric",40.544800,-177.370400,90.000000,top
"L1","L","L_1008_2520Metric",218.866400,-132.882400,-90.000000,top
"L1","L","L_1008_2520Metric",102.060000,-132.882400,-90.000000,top
"L1","L","L_1008_2520Metric",189.664800,-202.695600,-90.000000,top
"L1","L","L_1008_2520Metric",40.544800,-37.744000,90.000000,top
"L1","L","L_1008_2520Metric",131.261600,-202.695600,-90.000000,top
"L1","L","L_1008_2520Metric",43.656800,-132.882400,-90.000000,top
"L1","L","L_1008_2520Metric",69.746400,-107.557200,90.000000,top
"L1","L","L_1008_2520Metric",215.754400,-177.370400,90.000000,top
"L1","L","L_1008_2520Metric",160.463200,-132.882400,-90.000000,top
"L2","L","L_1008_2520Metric",158.713200,-136.807400,180.000000,top
"L2","L","L_1008_2520Metric",42.294800,-33.819000,0.000000,top
"L2","L","L_1008_2520Metric",159.101200,-173.445400,0.000000,top
"L2","L","L_1008_2520Metric",100.698000,-173.445400,0.000000,top
"L2","L","L_1008_2520Metric",129.511600,-66.994200,180.000000,top
"L2","L","L_1008_2520Metric",188.302800,-103.632200,0.000000,top
"L2","L","L_1008_2520Metric",100.310000,-136.807400,180.000000,top
"L2","L","L_1008_2520Metric",71.108400,-206.620600,180.000000,top
"L2","L","L_1008_2520Metric",217.504400,-173.445400,0.000000,top
"L2","L","L_1008_2520Metric",217.504400,-33.819000,0.000000,top
"L2","L","L_1008_2520Metric",187.914800,-206.620600,180.000000,top
"L2","L","L_1008_2520Metric",129.511600,-206.620600,180.000000,top
"L2","L","L_1008_2520Metric",159.101200,-33.819000,0.000000,top
"L2","L","L_1008_2520Metric",41.906800,-136.807400,180.000000,top
"L2","L","L_1008_2520Metric",71.108400,-66.994200,180.000000,top
"L2","L","L_1008_2520Metric",217.116400,-136.807400,180.000000,top
"L2","L","L_1008_2520Metric",100.698000,-33.819000,0.000000,top
"L2","L","L_1008_2520Metric",187.914800,-66.994200,180.000000,top
"L2","L","L_1008_2520Metric",129.899600,-103.632200,0.000000,top
"L2","L","L_1008_2520Metric",42.294800,-173.445400,0.000000,top
"L2","L","L_1008_2520Metric",71.496400,-103.632200,0.000000,top
"L3","L","L_1008_2520Metric",72.996400,-107.557200,90.000000,top
"L3","L","L_1008_2520Metric",219.004400,-177.370400,90.000000,top
"L3","L","L_1008_2520Metric",69.608400,-202.695600,-90.000000,top
"L3","L","L_1008_2520Metric",98.810000,-132.882400,-90.000000,top
"L3","L","L_1008_2520Metric",160.601200,-177.370400,90.000000,top
"L3","L","L_1008_2520Metric",215.616400,-132.882400,-90.000000,top
"L3","L","L_1008_2520Metric",69.608400,-63.069200,-90.000000,top
"L3","L","L_1008_2520Metric",186.414800,-63.069200,-90.000000,top
"L3","L","L_1008_2520Metric",157.213200,-132.882400,-90.000000,top
"L3","L","L_1008_2520Metric",40.406800,-132.882400,-90.000000,top
"L3","L","L_1008_2520Metric",102.198000,-37.744000,90.000000,top
"L3","L","L_1008_2520Metric",43.794800,-177.370400,90.000000,top
"L3","L","L_1008_2520Metric",131.399600,-107.557200,90.000000,top
"L3","L","L_1008_2520Metric",189.802800,-107.557200,90.000000,top
"L3","L","L_1008_2520Metric",186.414800,-202.695600,-90.000000,top
"L3","L","L_1008_2520Metric",128.011600,-202.695600,-90.000000,top
"L3","L","L_1008_2520Metric",219.004400,-37.744000,90.000000,top
"L3","L","L_1008_2520Metric",128.011600,-63.069200,-90.000000,top
"L3","L","L_1008_2520Metric",43.794800,-37.744000,90.000000,top
"L3","L","L_1008_2520Metric",102.198000,-177.370400,90.000000,top
"L3","L","L_1008_2520Metric",160.601200,-37.744000,90.000000,top
"Q1","AO3401A","SOT-23",160.963200,-127.507400,180.000000,top
"Q1","AO3401A","SOT-23",127.649600,-112.932200,0.000000,top
"Q1","AO3401A","SOT-23",131.761600,-197.320600,180.000000,top
"Q1","AO3401A","SOT-23",69.246400,-112.932200,0.000000,top
"Q1","AO3401A","SOT-23",40.044800,-182.745400,0.000000,top
"Q1","AO3401A","SOT-23",40.044800,-43.119000,0.000000,top
"Q1","AO3401A","SOT-23",44.156800,-127.507400,180.000000,top
"Q1","AO3401A","SOT-23",156.851200,-43.119000,0.000000,top
"Q1","AO3401A","SOT-23",219.366400,-127.507400,180.000000,top
"Q1","AO3401A","SOT-23",156.851200,-182.745400,0.000000,top
"Q1","AO3401A","SOT-23",73.358400,-57.694200,180.000000,top
"Q1","AO3401A","SOT-23",131.761600,-57.694200,180.000000,top
"Q1","AO3401A","SOT-23",102.560000,-127.507400,180.000000,top
"Q1","AO3401A","SOT-23",190.164800,-57.694200,180.000000,top
"Q1","AO3401A","SOT-23",98.448000,-182.745400,0.000000,top
"Q1","AO3401A","SOT-23",186.052800,-112.932200,0.000000,top
"Q1","AO3401A","SOT-23",215.254400,-182.745400,0.000000,top
"Q1","AO3401A","SOT-23",190.164800,-197.320600,180.000000,top
"Q1","AO3401A","SOT-23",215.254400,-43.119000,0.000000,top
"Q1","AO3401A","SOT-23",98.448000,-43.119000,0.000000,top
"Q1","AO3401A","SOT-23",73.358400,-197.320600,180.000000,top
"Q2","AO3401A","SOT-23",181.302800,-123.882200,-90.000000,top
"Q2","AO3401A","SOT-23",35.294800,-193.695400,-90.000000,top
"Q2","AO3401A","SOT-23",64.496400,-123.882200,-90.000000,top
"Q2","AO3401A","SOT-23",122.899600,-123.882200,-90.000000,top
"Q2","AO3401A","SOT-23",48.906800,-116.557400,90.000000,top
"Q2","AO3401A","SOT-23",93.698000,-54.069000,-90.000000,top
"Q2","AO3401A","SOT-23",194.914800,-186.370600,90.000000,top
"Q2","AO3401A","SOT-23",152.101200,-193.695400,-90.000000,top
"Q2","AO3401A","SOT-23",152.101200,-54.069000,-90.000000,top
"Q2","AO3401A","SOT-23",93.698000,-193.695400,-90.000000,top
"Q2","AO3401A","SOT-23",78.108400,-186.370600,90.000000,top
"Q2","AO3401A","SOT-23",78.108400,-46.744200,90.000000,top
"Q2","AO3401A","SOT-23",210.504400,-193.695400,-90.000000,top
"Q2","AO3401A","SOT-23",107.310000,-116.557400,90.000000,top
"Q2","AO3401A","SOT-23",35.294800,-54.069000,-90.000000,top
"Q2","AO3401A","SOT-23",136.511600,-186.370600,90.000000,top
"Q2","AO3401A","SOT-23",210.504400,-54.069000,-90.000000,top
"Q2","AO3401A","SOT-23",194.914800,-46.744200,90.000000,top
"Q2","AO3401A","SOT-23",165.713200,-116.557400,90.000000,top
"Q2","AO3401A","SOT-23",136.511600,-46.744200,90.000000,top
"Q2","AO3401A","SOT-23",224.116400,-116.557400,90.000000,top
"Q3","AO3401A","SOT-23",185.914800,-197.320600,180.000000,top
"Q3","AO3401A","SOT-23",131.899600,-112.932200,0.000000,top
"Q3","AO3401A","SOT-23",156.713200,-127.507400,180.000000,top
"Q3","AO3401A","SOT-23",44.294800,-182.745400,0.000000,top
"Q3","AO3401A","SOT-23",102.698000,-43.119000,0.000000,top
"Q3","AO3401A","SOT-23",161.101200,-43.119000,0.000000,top
"Q3","AO3401A","SOT-23",219.504400,-182.745400,0.000000,top
"Q3","AO3401A","SOT-23",161.101200,-182.745400,0.000000,top
"Q3","AO3401A","SOT-23",127.511600,-57.694200,180.000000,top
"Q3","AO3401A","SOT-23",215.116400,-127.507400,180.000000,top
"Q3","AO3401A","SOT-23",219.504400,-43.119000,0.000000,top
"Q3","AO3401A","SOT-23",190.302800,-112.932200,0.000000,top
"Q3","AO3401A","SOT-23",44.294800,-43.119000,0.000000,top
"Q3","AO3401A","SOT-23",73.496400,-112.932200,0.000000,top
"Q3","AO3401A","SOT-23",127.511600,-197.320600,180.000000,top
"Q3","AO3401A","SOT-23",39.906800,-127.507400,180.000000,top
"Q3","AO3401A","SOT-23",98.310000,-127.507400,180.000000,top
"Q3","AO3401A","SOT-23",69.108400,-197.320600,180.000000,top
"Q3","AO3401A","SOT-23",69.108400,-57.694200,180.000000,top
"Q3","AO3401A","SOT-23",185.914800,-57.694200,180.000000,top
"Q3","AO3401A","SOT-23",102.698000,-182.745400,0.000000,top
"R1","100k","R_0603_1608Metric",94.698000,-204.695400,0.000000,top
"R1","100k","R_0603_1608Metric",211.504400,-204.695400,0.000000,top
"R1","100k","R_0603_1608Metric",65.496400,-134.882200,0.000000,top
"R1","100k","R_0603_1608Metric",153.101200,-204.695400,0.000000,top
"R1","100k","R_0603_1608Metric",135.511600,-175.370600,180.000000,top
"R1","100k","R_0603_1608Metric",211.504400,-65.069000,0.000000,top
"R1","100k","R_0603_1608Metric",36.294800,-65.069000,0.000000,top
"R1","100k","R_0603_1608Metric",153.101200,-65.069000,0.000000,top
"R1","100k","R_0603_1608Metric",36.294800,-204.695400,0.000000,top
"R1","100k","R_0603_1608Metric",106.310000,-105.557400,180.000000,top
"R1","100k","R_0603_1608Metric",94.698000,-65.069000,0.000000,top
"R1","100k","R_0603_1608Metric",164.713200,-105.557400,180.000000,top
"R1","100k","R_0603_1608Metric",135.511600,-35.744200,180.000000,top
"R1","100k","R_0603_1608Metric",77.108400,-175.370600,180.000000,top
"R1","100k","R_0603_1608Metric",223.116400,-105.557400,180.000000,top
"R1","100k","R_0603_1608Metric",77.108400,-35.744200,180.000000,top
"R1","100k","R_0603_1608Metric",182.302800,-134.882200,0.000000,top
"R1","100k","R_0603_1608Metric",193.914800,-35.744200,180.000000,top
"R1","100k","R_0603_1608Metric",123.899600,-134.882200,0.000000,top
"R1","100k","R_0603_1608Metric",193.914800,-175.370600,180.000000,top
"R1","100k","R_0603_1608Metric",47.906800,-105.557400,180.000000,top
"R2","100k","R_0603_1608Metric",193.914800,-182.695600,90.000000,top
"R2","100k","R_0603_1608Metric",223.116400,-112.882400,90.000000,top
"R2","100k","R_0603_1608Metric",77.108400,-43.069200,90.000000,top
"R2","100k","R_0603_1608Metric",182.302800,-127.557200,-90.000000,top
"R2","100k","R_0603_1608Metric",211.504400,-197.370400,-90.000000,top
"R2","100k","R_0603_1608Metric",47.906800,-112.882400,90.000000,top
"R2","100k","R_0603_1608Metric",164.713200,-112.882400,90.000000,top
"R2","100k","R_0603_1608Metric",135.511600,-43.069200,90.000000,top
"R2","100k","R_0603_1608Metric",36.294800,-57.744000,-90.000000,top
"R2","100k","R_0603_1608Metric",94.698000,-57.744000,-90.000000,top
"R2","100k","R_0603_1608Metric",153.101200,-57.744000,-90.000000,top
"R2","100k","R_0603_1608Metric",106.310000,-112.882400,90.000000,top
"R2","100k","R_0603_1608Metric",94.698000,-197.370400,-90.000000,top
"R2","100k","R_0603_1608Metric",211.504400,-57.744000,-90.000000,top
"R2","100k","R_0603_1608Metric",193.914800,-43.069200,90.000000,top
"R2","100k","R_0603_1608Metric",77.108400,-182.695600,90.000000,top
"R2","100k","R_0603_1608Metric",123.899600,-127.557200,-90.000000,top
"R2","100k","R_0603_1608Metric",135.511600,-182.695600,90.000000,top
"R2","100k","R_0603_1608Metric",153.101200,-197.370400,-90.000000,top
"R2","100k","R_0603_1608Metric",36.294800,-197.370400,-90.000000,top
"R2","100k","R_0603_1608Metric",65.496400,-127.557200,-90.000000,top
"R3","100k","R_0603_1608Metric",182.302800,-131.882200,0.000000,top
"R3","100k","R_0603_1608Metric",211.504400,-201.695400,0.000000,top
"R3","100k","R_0603_1608Metric",65.496400,-131.882200,0.000000,top
"R3","100k","R_0603_1608Metric",47.906800,-108.557400,180.000000,top
"R3","100k","R_0603_1608Metric",36.294800,-62.069000,0.000000,top
"R3","100k","R_0603_1608Metric",164.713200,-108.557400,180.000000,top
"R3","100k","R_0603_1608Metric",77.108400,-178.370600,180.000000,top
"R3","100k","R_0603_1608Metric",106.310000,-108.557400,180.000000,top
"R3","100k","R_0603_1608Metric",135.511600,-178.370600,180.000000,top
"R3","100k","R_0603_1608Metric",36.294800,-201.695400,0.000000,top
"R3","100k","R_0603_1608Metric",193.914800,-38.744200,180.000000,top
"R3","100k","R_0603_1608Metric",223.116400,-108.557400,180.000000,top
"R3","100k","R_0603_1608Metric",94.698000,-62.069000,0.000000,top
"R3","100k","R_0603_1608Metric",211.504400,-62.069000,0.000000,top
"R3","100k","R_0603_1608Metric",77.108400,-38.744200,180.000000,top
"R3","100k","R_0603_1608Metric",135.511600,-38.744200,180.000000,top
"R3","100k","R_0603_1608Metric",94.698000,-201.695400,0.000000,top
"R3","100k","R_0603_1608Metric",193.914800,-178.370600,180.000000,top
"R3","100k","R_0603_1608Metric",123.899600,-131.882200,0.000000,top
"R3","100k","R_0603_1608Metric",153.101200,-201.695400,0.000000,top
"R3","100k","R_0603_1608Metric",153.101200,-62.069000,0.000000,top
"R4","1k","R_0603_1608Metric",123.686600,-178.870600,0.000000,top
"R4","1k","R_0603_1608Metric",135.724600,-131.382200,180.000000,top
"R4","1k","R_0603_1608Metric",48.119800,-201.195400,180.000000,top
"R4","1k","R_0603_1608Metric",106.523000,-61.569000,180.000000,top
"R4","1k","R_0603_1608Metric",123.686600,-39.244200,0.000000,top
"R4","1k","R_0603_1608Metric",223.329400,-61.569000,180.000000,top
"R4","1k","R_0603_1608Metric",106.523000,-201.195400,180.000000,top
"R4","1k","R_0603_1608Metric",164.926200,-61.569000,180.000000,top
"R4","1k","R_0603_1608Metric",36.081800,-109.057400,0.000000,top
"R4","1k","R_0603_1608Metric",223.329400,-201.195400,180.000000,top
"R4","1k","R_0603_1608Metric",65.283400,-39.244200,0.000000,top
"R4","1k","R_0603_1608Metric",211.291400,-109.057400,0.000000,top
"R4","1k","R_0603_1608Metric",182.089800,-39.244200,0.000000,top
"R4","1k","R_0603_1608Metric",164.926200,-201.195400,180.000000,top
"R4","1k","R_0603_1608Metric",77.321400,-131.382200,180.000000,top
"R4","1k","R_0603_1608Metric",48.119800,-61.569000,180.000000,top
"R4","1k","R_0603_1608Metric",65.283400,-178.870600,0.000000,top
"R4","1k","R_0603_1608Metric",94.485000,-109.057400,0.000000,top
"R4","1k","R_0603_1608Metric",194.127800,-131.382200,180.000000,top
"R4","1k","R_0603_1608Metric",182.089800,-178.870600,0.000000,top
"R4","1k","R_0603_1608Metric",152.888200,-109.057400,0.000000,top
"R5","1k","R_0603_1608Metric",223.329400,-59.819000,180.000000,top
"R5","1k","R_0603_1608Metric",77.321400,-129.632200,180.000000,top
"R5","1k","R_0603_1608Metric",135.724600,-129.632200,180.000000,top
"R5","1k","R_0603_1608Metric",48.119800,-59.819000,180.000000,top
"R5","1k","R_0603_1608Metric",106.523000,-59.819000,180.000000,top
"R5","1k","R_0603_1608Metric",48.119800,-199.445400,180.000000,top
"R5","1k","R_0603_1608Metric",182.089800,-40.994200,0.000000,top
"R5","1k","R_0603_1608Metric",223.329400,-199.445400,180.000000,top
"R5","1k","R_0603_1608Metric",211.291400,-110.807400,0.000000,top
"R5","1k","R_0603_1608Metric",182.089800,-180.620600,0.000000,top
"R5","1k","R_0603_1608Metric",123.686600,-40.994200,0.000000,top
"R5","1k","R_0603_1608Metric",65.283400,-40.994200,0.000000,top
"R5","1k","R_0603_1608Metric",194.127800,-129.632200,180.000000,top
"R5","1k","R_0603_1608Metric",106.523000,-199.445400,180.000000,top
"R5","1k","R_0603_1608Metric",164.926200,-199.445400,180.000000,top
"R5","1k","R_0603_1608Metric",36.081800,-110.807400,0.000000,top
"R5","1k","R_0603_1608Metric",164.926200,-59.819000,180.000000,top
"R5","1k","R_0603_1608Metric",123.686600,-180.620600,0.000000,top
"R5","1k","R_0603_1608Metric",65.283400,-180.620600,0.000000,top
"R5","1k","R_0603_1608Metric",94.485000,-110.807400,0.000000,top
"R5","1k","R_0603_1608Metric",152.888200,-110.807400,0.000000,top
"R6","1k","R_0603_1608Metric",223.329400,-58.069000,180.000000,top
"R6","1k","R_0603_1608Metric",106.523000,-58.069000,180.000000,top
"R6","1k","R_0603_1608Metric",65.283400,-42.744200,0.000000,top
"R6","1k","R_0603_1608Metric",48.119800,-58.069000,180.000000,top
"R6","1k","R_0603_1608Metric",36.081800,-112.557400,0.000000,top
"R6","1k","R_0603_1608Metric",164.926200,-58.069000,180.000000,top
"R6","1k","R_0603_1608Metric",223.329400,-197.695400,180.000000,top
"R6","1k","R_0603_1608Metric",94.485000,-112.557400,0.000000,top
"R6","1k","R_0603_1608Metric",106.523000,-197.695400,180.000000,top
"R6","1k","R_0603_1608Metric",182.089800,-182.370600,0.000000,top
"R6","1k","R_0603_1608Metric",123.686600,-42.744200,0.000000,top
"R6","1k","R_0603_1608Metric",152.888200,-112.557400,0.000000,top
"R6","1k","R_0603_1608Metric",48.119800,-197.695400,180.000000,top
"R6","1k","R_0603_1608Metric",211.291400,-112.557400,0.000000,top
"R6","1k","R_0603_1608Metric",182.089800,-42.744200,0.000000,top
"R6","1k","R_0603_1608Metric",65.283400,-182.370600,0.000000,top
"R6","1k","R_0603_1608Metric",164.926200,-197.695400,180.000000,top
"R6","1k","R_0603_1608Metric",77.321400,-127.882200,180.000000,top
"R6","1k","R_0603_1608Metric",135.724600,-127.882200,180.000000,top
"R6","1k","R_0603_1608Metric",194.127800,-127.882200,180.000000,top
"R6","1k","R_0603_1608Metric",123.686600,-182.370600,0.000000,top
"R7","1k","R_0603_1608Metric",65.283400,-44.494200,0.000000,top
"R7","1k","R_0603_1608Metric",182.089800,-184.120600,0.000000,top
"R7","1k","R_0603_1608Metric",94.485000,-114.307400,0.000000,top
"R7","1k","R_0603_1608Metric",106.523000,-195.945400,180.000000,top
"R7","1k","R_0603_1608Metric",211.291400,-114.307400,0.000000,top
"R7","1k","R_0603_1608Metric",106.523000,-56.319000,180.000000,top
"R7","1k","R_0603_1608Metric",135.724600,-126.132200,180.000000,top
"R7","1k","R_0603_1608Metric",194.127800,-126.132200,180.000000,top
"R7","1k","R_0603_1608Metric",223.329400,-195.945400,180.000000,top
"R7","1k","R_0603_1608Metric",223.329400,-56.319000,180.000000,top
"R7","1k","R_0603_1608Metric",182.089800,-44.494200,0.000000,top
"R7","1k","R_0603_1608Metric",48.119800,-56.319000,180.000000,top
"R7","1k","R_0603_1608Metric",65.283400,-184.120600,0.000000,top
"R7","1k","R_0603_1608Metric",152.888200,-114.307400,0.000000,top
"R7","1k","R_0603_1608Metric",123.686600,-184.120600,0.000000,top
"R7","1k","R_0603_1608Metric",164.926200,-195.945400,180.000000,top
"R7","1k","R_0603_1608Metric",123.686600,-44.494200,0.000000,top
"R7","1k","R_0603_1608Metric",36.081800,-114.307400,0.000000,top
"R7","1k","R_0603_1608Metric",164.926200,-56.319000,180.000000,top
"R7","1k","R_0603_1608Metric",48.119800,-195.945400,180.000000,top
"R7","1k","R_0603_1608Metric",77.321400,-126.132200,180.000000,top
"R8","1k","R_0603_1608Metric",123.686600,-185.870600,0.000000,top
"R8","1k","R_0603_1608Metric",65.283400,-46.244200,0.000000,top
"R8","1k","R_0603_1608Metric",65.283400,-185.870600,0.000000,top
"R8","1k","R_0603_1608Metric",182.089800,-185.870600,0.000000,top
"R8","1k","R_0603_1608Metric",164.926200,-194.195400,180.000000,top
"R8","1k","R_0603_1608Metric",223.329400,-194.195400,180.000000,top
"R8","1k","R_0603_1608Metric",77.321400,-124.382200,180.000000,top
"R8","1k","R_0603_1608Metric",164.926200,-54.569000,180.000000,top
"R8","1k","R_0603_1608Metric",182.089800,-46.244200,0.000000,top
"R8","1k","R_0603_1608Metric",211.291400,-116.057400,0.000000,top
"R8","1k","R_0603_1608Metric",106.523000,-54.569000,180.000000,top
"R8","1k","R_0603_1608Metric",135.724600,-124.382200,180.000000,top
"R8","1k","R_0603_1608Metric",123.686600,-46.244200,0.000000,top
"R8","1k","R_0603_1608Metric",152.888200,-116.057400,0.000000,top
"R8","1k","R_0603_1608Metric",94.485000,-116.057400,0.000000,top
"R8","1k","R_0603_1608Metric",194.127800,-124.382200,180.000000,top
"R8","1k","R_0603_1608Metric",48.119800,-54.569000,180.000000,top
"R8","1k","R_0603_1608Metric",36.081800,-116.057400,0.000000,top
"R8","1k","R_0603_1608Metric",106.523000,-194.195400,180.000000,top
"R8","1k","R_0603_1608Metric",48.119800,-194.195400,180.000000,top
"R8","1k","R_0603_1608Metric",223.329400,-54.569000,180.000000,top
"R9","1k","R_0603_1608Metric",223.191400,-110.307400,180.000000,top
"R9","1k","R_0603_1608Metric",193.989800,-40.494200,180.000000,top
"R9","1k","R_0603_1608Metric",153.026200,-199.945400,0.000000,top
"R9","1k","R_0603_1608Metric",211.429400,-199.945400,0.000000,top
"R9","1k","R_0603_1608Metric",77.183400,-180.120600,180.000000,top
"R9","1k","R_0603_1608Metric",164.788200,-110.307400,180.000000,top
"R9","1k","R_0603_1608Metric",47.981800,-110.307400,180.000000,top
"R9","1k","R_0603_1608Metric",65.421400,-130.132200,0.000000,top
"R9","1k","R_0603_1608Metric",135.586600,-40.494200,180.000000,top
"R9","1k","R_0603_1608Metric",211.429400,-60.319000,0.000000,top
"R9","1k","R_0603_1608Metric",94.623000,-199.945400,0.000000,top
"R9","1k","R_0603_1608Metric",106.385000,-110.307400,180.000000,top
"R9","1k","R_0603_1608Metric",36.219800,-199.945400,0.000000,top
"R9","1k","R_0603_1608Metric",94.623000,-60.319000,0.000000,top
"R9","1k","R_0603_1608Metric",77.183400,-40.494200,180.000000,top
"R9","1k","R_0603_1608Metric",36.219800,-60.319000,0.000000,top
"R9","1k","R_0603_1608Metric",193.989800,-180.120600,180.000000,top
"R9","1k","R_0603_1608Metric",135.586600,-180.120600,180.000000,top
"R9","1k","R_0603_1608Metric",153.026200,-60.319000,0.000000,top
"R9","1k","R_0603_1608Metric",182.227800,-130.132200,0.000000,top
"R9","1k","R_0603_1608Metric",123.824600,-130.132200,0.000000,top
"REF**","NPTH","NPTH",154.288200,-92.313200,0.000000,top
"REF**","NPTH","NPTH",103.123000,-217.939600,0.000000,top
"REF**","NPTH","NPTH",202.709600,-120.219800,0.000000,top
"REF**","NPTH","NPTH",41.719800,-78.313200,0.000000,top
"REF**","NPTH","NPTH",23.544800,-50.399000,0.000000,top
"REF**","NPTH","NPTH",126.086600,-162.126400,0.000000,top
"REF**","NPTH","NPTH",100.885000,-92.313200,0.000000,top
"REF**","NPTH","NPTH",221.691400,-92.313200,0.000000,top
"REF**","NPTH","NPTH",144.306400,-190.033000,0.000000,top
"REF**","NPTH","NPTH",24.656800,-120.227400,0.000000,top
"REF**","NPTH","NPTH",128.086600,-22.500000,0.000000,top
"REF**","NPTH","NPTH",123.922527,-100.996668,0.000000,top
"REF**","NPTH","NPTH",94.720927,-31.183469,0.000000,top
"REF**","NPTH","NPTH",70.683400,-162.126400,0.000000,top
"REF**","NPTH","NPTH",71.683400,-22.500000,0.000000,top
"REF**","NPTH","NPTH",199.542800,-120.242200,0.000000,top
"REF**","NPTH","NPTH",192.727800,-148.126400,0.000000,top
"REF**","NPTH","NPTH",234.754400,-50.399000,0.000000,top
"REF**","NPTH","NPTH",16.500000,-217.439600,0.000000,top
"REF**","NPTH","NPTH",19.500000,-23.000000,0.000000,top
"REF**","NPTH","NPTH",173.508000,-120.219800,0.000000,top
"REF**","NPTH","NPTH",210.876161,-171.667595,0.000000,top
"REF**","NPTH","NPTH",158.526200,-217.939600,0.000000,top
"REF**","NPTH","NPTH",216.929400,-217.939600,0.000000,top
"REF**","NPTH","NPTH",83.336400,-120.862200,0.000000,top
"REF**","NPTH","NPTH",41.719800,-217.939600,0.000000,top
"REF**","NPTH","NPTH",144.306400,-120.219800,0.000000,top
"REF**","NPTH","NPTH",188.489800,-162.126400,0.000000,top
"REF**","NPTH","NPTH",99.123000,-78.313200,0.000000,top
"REF**","NPTH","NPTH",69.921400,-148.126400,0.000000,top
"REF**","NPTH","NPTH",169.671200,-49.859000,0.000000,top
"REF**","NPTH","NPTH",42.481800,-92.313200,0.000000,top
"REF**","NPTH","NPTH",159.526200,-217.939600,0.000000,top
"REF**","NPTH","NPTH",66.683400,-162.126400,0.000000,top
"REF**","NPTH","NPTH",153.124127,-31.183469,0.000000,top
"REF**","NPTH","NPTH",144.306400,-120.219800,0.000000,top
"REF**","NPTH","NPTH",127.086600,-162.126400,0.000000,top
"REF**","NPTH","NPTH",236.411200,-153.126400,0.000000,top
"REF**","NPTH","NPTH",76.434305,-70.487459,0.000000,top
"REF**","NPTH","NPTH",146.873200,-119.577400,180.000000,top
"REF**","NPTH","NPTH",218.929400,-217.939600,0.000000,top
"REF**","NPTH","NPTH",192.489800,-162.126400,0.000000,top
"REF**","NPTH","NPTH",15.500000,-23.000000,0.000000,top
"REF**","NPTH","NPTH",68.683400,-162.126400,0.000000,top
"REF**","NPTH","NPTH",183.489800,-162.126400,0.000000,top
"REF**","NPTH","NPTH",211.527327,-31.183469,0.000000,top
"REF**","NPTH","NPTH",67.921400,-148.126400,0.000000,top
"REF**","NPTH","NPTH",85.903200,-190.033000,0.000000,top
"REF**","NPTH","NPTH",115.104800,-120.219800,0.000000,top
"REF**","NPTH","NPTH",173.508000,-190.033000,0.000000,top
"REF**","NPTH","NPTH",188.489800,-22.500000,0.000000,top
"REF**","NPTH","NPTH",212.929400,-217.939600,0.000000,top
"REF**","NPTH","NPTH",72.683400,-162.126400,0.000000,top
"REF**","NPTH","NPTH",181.674561,-101.854395,0.000000,top
"REF**","NPTH","NPTH",101.123000,-217.939600,0.000000,top
"REF**","NPTH","NPTH",212.178494,-169.952140,0.000000,top
"REF**","NPTH","NPTH",158.288200,-92.313200,0.000000,top
"REF**","NPTH","NPTH",187.489800,-22.500000,0.000000,top
"REF**","NPTH","NPTH",37.481800,-92.313200,0.000000,top
"REF**","NPTH","NPTH",67.683400,-22.500000,0.000000,top
"REF**","NPTH","NPTH",117.671600,-49.764200,180.000000,top
"REF**","NPTH","NPTH",39.481800,-92.313200,0.000000,top
"REF**","NPTH","NPTH",112.538000,-190.675400,0.000000,top
"REF**","NPTH","NPTH",68.683400,-22.500000,0.000000,top
"REF**","NPTH","NPTH",99.123000,-217.939600,0.000000,top
"REF**","NPTH","NPTH",47.883872,-139.442931,0.000000,top
"REF**","NPTH","NPTH",53.534800,-50.429000,0.000000,top
"REF**","NPTH","NPTH",44.481800,-92.313200,0.000000,top
"REF**","NPTH","NPTH",157.526200,-217.939600,0.000000,top
"REF**","NPTH","NPTH",184.489800,-22.500000,0.000000,top
"REF**","NPTH","NPTH",111.268000,-189.485400,0.000000,top
"REF**","NPTH","NPTH",194.543038,-68.772004,0.000000,top
"REF**","NPTH","NPTH",59.268400,-49.764200,180.000000,top
"REF**","NPTH","NPTH",105.635905,-140.300659,0.000000,top
"REF**","NPTH","NPTH",56.701600,-120.219800,0.000000,top
"REF**","NPTH","NPTH",23.000000,-155.126400,0.000000,top
"REF**","NPTH","NPTH",156.526200,-78.313200,0.000000,top
"REF**","NPTH","NPTH",118.941600,-50.954200,180.000000,top
"REF**","NPTH","NPTH",132.086600,-22.500000,0.000000,top
"REF**","NPTH","NPTH",56.701600,-120.219800,0.000000,top
"REF**","NPTH","NPTH",162.288200,-92.313200,0.000000,top
"REF**","NPTH","NPTH",118.271600,-50.384200,180.000000,top
"REF**","NPTH","NPTH",236.411200,-85.313200,0.000000,top
"REF**","NPTH","NPTH",47.232705,-140.300659,0.000000,top
"REF**","NPTH","NPTH",236.411200,-155.126400,0.000000,top
"REF**","NPTH","NPTH",85.903200,-50.406600,0.000000,top
"REF**","NPTH","NPTH",221.929400,-78.313200,0.000000,top
"REF**","NPTH","NPTH",126.324600,-148.126400,0.000000,top
"REF**","NPTH","NPTH",85.903200,-120.219800,0.000000,top
"REF**","NPTH","NPTH",189.489800,-162.126400,0.000000,top
"REF**","NPTH","NPTH",173.508000,-50.406600,0.000000,top
"REF**","NPTH","NPTH",202.709600,-120.219800,0.000000,top
"REF**","NPTH","NPTH",202.709600,-190.033000,0.000000,top
"REF**","NPTH","NPTH",193.240705,-70.487459,0.000000,top
"REF**","NPTH","NPTH",157.288200,-92.313200,0.000000,top
"REF**","NPTH","NPTH",77.736638,-208.398404,0.000000,top
"REF**","NPTH","NPTH",94.720927,-170.809868,0.000000,top
"REF**","NPTH","NPTH",40.719800,-78.313200,0.000000,top
"REF**","NPTH","NPTH",56.701600,-50.406600,0.000000,top
"REF**","NPTH","NPTH",202.709600,-50.406600,0.000000,top
"REF**","NPTH","NPTH",64.868161,-101.854395,0.000000,top
"REF**","NPTH","NPTH",183.727800,-148.126400,0.000000,top
"REF**","NPTH","NPTH",97.885000,-92.313200,0.000000,top
"REF**","NPTH","NPTH",214.929400,-217.939600,0.000000,top
"REF**","NPTH","NPTH",23.000000,-156.126400,0.000000,top
"REF**","NPTH","NPTH",136.139838,-68.772004,0.000000,top
"REF**","NPTH","NPTH",153.775294,-30.325741,0.000000,top
"REF**","NPTH","NPTH",15.500000,-217.439600,0.000000,top
"REF**","NPTH","NPTH",217.929400,-78.313200,0.000000,top
"REF**","NPTH","NPTH",23.000000,-157.126400,0.000000,top
"REF**","NPTH","NPTH",191.489800,-162.126400,0.000000,top
"REF**","NPTH","NPTH",73.683400,-22.500000,0.000000,top
"REF**","NPTH","NPTH",185.727800,-148.126400,0.000000,top
"REF**","NPTH","NPTH",133.086600,-22.500000,0.000000,top
"REF**","NPTH","NPTH",40.719800,-217.939600,0.000000,top
"REF**","NPTH","NPTH",228.744400,-190.055400,0.000000,top
"REF**","NPTH","NPTH",165.341438,-138.585204,0.000000,top
"REF**","NPTH","NPTH",77.736638,-68.772004,0.000000,top
"REF**","NPTH","NPTH",66.170494,-100.138940,0.000000,top
"REF**","NPTH","NPTH",173.508000,-120.219800,0.000000,top
"REF**","NPTH","NPTH",99.885000,-92.313200,0.000000,top
"REF**","NPTH","NPTH",44.719800,-217.939600,0.000000,top
"REF**","NPTH","NPTH",163.526200,-78.313200,0.000000,top
"REF**","NPTH","NPTH",54.134800,-51.049000,0.000000,top
"REF**","NPTH","NPTH",128.086600,-162.126400,0.000000,top
"REF**","NPTH","NPTH",125.086600,-162.126400,0.000000,top
"REF**","NPTH","NPTH",95.372094,-30.325741,0.000000,top
"REF**","NPTH","NPTH",159.288200,-92.313200,0.000000,top
"REF**","NPTH","NPTH",186.489800,-162.126400,0.000000,top
"REF**","NPTH","NPTH",156.526200,-217.939600,0.000000,top
"REF**","NPTH","NPTH",23.000000,-85.313200,0.000000,top
"REF**","NPTH","NPTH",75.683400,-22.500000,0.000000,top
"REF**","NPTH","NPTH",229.344400,-190.675400,0.000000,top
"REF**","NPTH","NPTH",85.903200,-120.219800,0.000000,top
"REF**","NPTH","NPTH",115.104800,-120.219800,0.000000,top
"REF**","NPTH","NPTH",100.123000,-217.939600,0.000000,top
"REF**","NPTH","NPTH",187.727800,-148.126400,0.000000,top
"REF**","NPTH","NPTH",170.941200,-51.049000,0.000000,top
"REF**","NPTH","NPTH",144.306400,-190.033000,0.000000,top
"REF**","NPTH","NPTH",241.911200,-23.000000,0.000000,top
"REF**","NPTH","NPTH",176.674800,-190.010600,180.000000,top
"REF**","NPTH","NPTH",243.911200,-23.000000,0.000000,top
"REF**","NPTH","NPTH",210.876161,-32.041196,0.000000,top
"REF**","NPTH","NPTH",176.074800,-189.390600,180.000000,top
"REF**","NPTH","NPTH",202.709600,-190.033000,0.000000,top
"REF**","NPTH","NPTH",41.481800,-92.313200,0.000000,top
"REF**","NPTH","NPTH",236.411200,-156.126400,0.000000,top
"REF**","NPTH","NPTH",38.481800,-92.313200,0.000000,top
"REF**","NPTH","NPTH",115.104800,-50.406600,0.000000,top
"REF**","NPTH","NPTH",228.074400,-189.485400,0.000000,top
"REF**","NPTH","NPTH",131.324600,-148.126400,0.000000,top
"REF**","NPTH","NPTH",125.324600,-148.126400,0.000000,top
"REF**","NPTH","NPTH",164.690272,-139.442931,0.000000,top
"REF**","NPTH","NPTH",134.324600,-148.126400,0.000000,top
"REF**","NPTH","NPTH",101.123000,-78.313200,0.000000,top
"REF**","NPTH","NPTH",104.123000,-78.313200,0.000000,top
"REF**","NPTH","NPTH",129.324600,-148.126400,0.000000,top
"REF**","NPTH","NPTH",70.683400,-22.500000,0.000000,top
"REF**","NPTH","NPTH",16.500000,-23.000000,0.000000,top
"REF**","NPTH","NPTH",132.324600,-148.126400,0.000000,top
"REF**","NPTH","NPTH",115.104800,-50.406600,0.000000,top
"REF**","NPTH","NPTH",169.671200,-189.485400,0.000000,top
"REF**","NPTH","NPTH",186.489800,-22.500000,0.000000,top
"REF**","NPTH","NPTH",88.470000,-119.577400,180.000000,top
"REF**","NPTH","NPTH",59.868400,-190.010600,180.000000,top
"REF**","NPTH","NPTH",158.526200,-78.313200,0.000000,top
"REF**","NPTH","NPTH",125.086600,-22.500000,0.000000,top
"REF**","NPTH","NPTH",18.500000,-23.000000,0.000000,top
"REF**","NPTH","NPTH",215.929400,-78.313200,0.000000,top
"REF**","NPTH","NPTH",182.976894,-100.138940,0.000000,top
"REF**","NPTH","NPTH",131.086600,-162.126400,0.000000,top
"REF**","NPTH","NPTH",117.671600,-189.390600,180.000000,top
"REF**","NPTH","NPTH",23.000000,-153.126400,0.000000,top
"REF**","NPTH","NPTH",190.727800,-148.126400,0.000000,top
"REF**","NPTH","NPTH",17.500000,-217.439600,0.000000,top
"REF**","NPTH","NPTH",48.535038,-138.585204,0.000000,top
"REF**","NPTH","NPTH",85.903200,-120.219800,0.000000,top
"REF**","NPTH","NPTH",98.123000,-217.939600,0.000000,top
"REF**","NPTH","NPTH",102.885000,-92.313200,0.000000,top
"REF**","NPTH","NPTH",52.864800,-49.859000,0.000000,top
"REF**","NPTH","NPTH",103.123000,-78.313200,0.000000,top
"REF**","NPTH","NPTH",160.526200,-78.313200,0.000000,top
"REF**","NPTH","NPTH",66.683400,-22.500000,0.000000,top
"REF**","NPTH","NPTH",85.903200,-50.406600,0.000000,top
"REF**","NPTH","NPTH",152.472961,-171.667595,0.000000,top
"REF**","NPTH","NPTH",202.709600,-190.033000,0.000000,top
"REF**","NPTH","NPTH",155.526200,-78.313200,0.000000,top
"REF**","NPTH","NPTH",43.719800,-78.313200,0.000000,top
"REF**","NPTH","NPTH",42.719800,-78.313200,0.000000,top
"REF**","NPTH","NPTH",68.921400,-148.126400,0.000000,top
"REF**","NPTH","NPTH",206.546400,-120.767400,180.000000,top
"REF**","NPTH","NPTH",132.086600,-162.126400,0.000000,top
"REF**","NPTH","NPTH",200.142800,-120.862200,0.000000,top
"REF**","NPTH","NPTH",77.085472,-69.629731,0.000000,top
"REF**","NPTH","NPTH",39.719800,-217.939600,0.000000,top
"REF**","NPTH","NPTH",136.139838,-208.398404,0.000000,top
"REF**","NPTH","NPTH",144.306400,-120.219800,0.000000,top
"REF**","NPTH","NPTH",60.538400,-190.580600,180.000000,top
"REF**","NPTH","NPTH",59.268400,-189.390600,180.000000,top
"REF**","NPTH","NPTH",115.104800,-190.033000,0.000000,top
"REF**","NPTH","NPTH",202.709600,-50.406600,0.000000,top
"REF**","NPTH","NPTH",72.683400,-22.500000,0.000000,top
"REF**","NPTH","NPTH",75.683400,-162.126400,0.000000,top
"REF**","NPTH","NPTH",30.066800,-119.577400,180.000000,top
"REF**","NPTH","NPTH",213.929400,-78.313200,0.000000,top
"REF**","NPTH","NPTH",74.683400,-162.126400,0.000000,top
"REF**","NPTH","NPTH",212.929400,-78.313200,0.000000,top
"REF**","NPTH","NPTH",241.911200,-217.439600,0.000000,top
"REF**","NPTH","NPTH",190.489800,-22.500000,0.000000,top
"REF**","NPTH","NPTH",46.719800,-217.939600,0.000000,top
"REF**","NPTH","NPTH",173.508000,-50.406600,0.000000,top
"REF**","NPTH","NPTH",220.691400,-92.313200,0.000000,top
"REF**","NPTH","NPTH",118.941600,-190.580600,180.000000,top
"REF**","NPTH","NPTH",155.526200,-217.939600,0.000000,top
"REF**","NPTH","NPTH",202.709600,-50.406600,0.000000,top
"REF**","NPTH","NPTH",194.543038,-208.398404,0.000000,top
"REF**","NPTH","NPTH",160.288200,-92.313200,0.000000,top
"REF**","NPTH","NPTH",147.473200,-120.197400,180.000000,top
"REF**","NPTH","NPTH",36.317728,-31.183469,0.000000,top
"REF**","NPTH","NPTH",163.526200,-217.939600,0.000000,top
"REF**","NPTH","NPTH",182.325727,-100.996668,0.000000,top
"REF**","NPTH","NPTH",173.508000,-50.406600,0.000000,top
"REF**","NPTH","NPTH",40.481800,-92.313200,0.000000,top
"REF**","NPTH","NPTH",160.526200,-217.939600,0.000000,top
"REF**","NPTH","NPTH",144.306400,-50.406600,0.000000,top
"REF**","NPTH","NPTH",205.276400,-119.577400,180.000000,top
"REF**","NPTH","NPTH",104.885000,-92.313200,0.000000,top
"REF**","NPTH","NPTH",97.123000,-217.939600,0.000000,top
"REF**","NPTH","NPTH",228.744400,-50.429000,0.000000,top
"REF**","NPTH","NPTH",176.074800,-49.764200,180.000000,top
"REF**","NPTH","NPTH",37.719800,-217.939600,0.000000,top
"REF**","NPTH","NPTH",85.903200,-190.033000,0.000000,top
"REF**","NPTH","NPTH",37.719800,-78.313200,0.000000,top
"REF**","NPTH","NPTH",229.344400,-51.049000,0.000000,top
"REF**","NPTH","NPTH",153.775294,-169.952140,0.000000,top
"REF**","NPTH","NPTH",240.911200,-23.000000,0.000000,top
"REF**","NPTH","NPTH",213.929400,-217.939600,0.000000,top
"REF**","NPTH","NPTH",115.104800,-50.406600,0.000000,top
"REF**","NPTH","NPTH",17.500000,-23.000000,0.000000,top
"REF**","NPTH","NPTH",177.344800,-50.954200,180.000000,top
"REF**","NPTH","NPTH",23.000000,-154.126400,0.000000,top
"REF**","NPTH","NPTH",188.727800,-148.126400,0.000000,top
"REF**","NPTH","NPTH",176.674800,-50.384200,180.000000,top
"REF**","NPTH","NPTH",112.538000,-51.049000,0.000000,top
"REF**","NPTH","NPTH",154.526200,-217.939600,0.000000,top
"REF**","NPTH","NPTH",170.341200,-50.429000,0.000000,top
"REF**","NPTH","NPTH",236.411200,-86.313200,0.000000,top
"REF**","NPTH","NPTH",135.488672,-69.629731,0.000000,top
"REF**","NPTH","NPTH",46.719800,-78.313200,0.000000,top
"REF**","NPTH","NPTH",219.929400,-217.939600,0.000000,top
"REF**","NPTH","NPTH",85.903200,-50.406600,0.000000,top
"REF**","NPTH","NPTH",218.691400,-92.313200,0.000000,top
"REF**","NPTH","NPTH",191.727800,-148.126400,0.000000,top
"REF**","NPTH","NPTH",159.526200,-78.313200,0.000000,top
"REF**","NPTH","NPTH",67.683400,-162.126400,0.000000,top
"REF**","NPTH","NPTH",161.526200,-78.313200,0.000000,top
"REF**","NPTH","NPTH",144.306400,-190.033000,0.000000,top
"REF**","NPTH","NPTH",102.123000,-78.313200,0.000000,top
"REF**","NPTH","NPTH",69.683400,-22.500000,0.000000,top
"REF**","NPTH","NPTH",18.500000,-217.439600,0.000000,top
"REF**","NPTH","NPTH",45.481800,-92.313200,0.000000,top
"REF**","NPTH","NPTH",124.573694,-100.138940,0.000000,top
"REF**","NPTH","NPTH",144.306400,-50.406600,0.000000,top
"REF**","NPTH","NPTH",192.489800,-22.500000,0.000000,top
"REF**","NPTH","NPTH",184.489800,-162.126400,0.000000,top
"REF**","NPTH","NPTH",141.739600,-120.862200,0.000000,top
"REF**","NPTH","NPTH",102.123000,-217.939600,0.000000,top
"REF**","NPTH","NPTH",76.434305,-210.113859,0.000000,top
"REF**","NPTH","NPTH",173.508000,-190.033000,0.000000,top
"REF**","NPTH","NPTH",56.701600,-50.406600,0.000000,top
"REF**","NPTH","NPTH",95.372094,-169.952140,0.000000,top
"REF**","NPTH","NPTH",156.288200,-92.313200,0.000000,top
"REF**","NPTH","NPTH",36.317728,-170.809868,0.000000,top
"REF**","NPTH","NPTH",127.086600,-22.500000,0.000000,top
"REF**","NPTH","NPTH",193.240705,-210.113859,0.000000,top
"REF**","NPTH","NPTH",133.324600,-148.126400,0.000000,top
"REF**","NPTH","NPTH",215.691400,-92.313200,0.000000,top
"REF**","NPTH","NPTH",223.093472,-139.442931,0.000000,top
"REF**","NPTH","NPTH",74.683400,-22.500000,0.000000,top
"REF**","NPTH","NPTH",228.074400,-49.859000,0.000000,top
"REF**","NPTH","NPTH",31.336800,-120.767400,180.000000,top
"REF**","NPTH","NPTH",115.104800,-120.219800,0.000000,top
"REF**","NPTH","NPTH",53.534800,-190.055400,0.000000,top
"REF**","NPTH","NPTH",202.709600,-190.033000,0.000000,top
"REF**","NPTH","NPTH",212.691400,-92.313200,0.000000,top
"REF**","NPTH","NPTH",115.104800,-50.406600,0.000000,top
"REF**","NPTH","NPTH",74.921400,-148.126400,0.000000,top
"REF**","NPTH","NPTH",36.968895,-169.952140,0.000000,top
"REF**","NPTH","NPTH",95.885000,-92.313200,0.000000,top
"REF**","NPTH","NPTH",85.903200,-190.033000,0.000000,top
"REF**","NPTH","NPTH",56.701600,-190.033000,0.000000,top
"REF**","NPTH","NPTH",45.719800,-78.313200,0.000000,top
"REF**","NPTH","NPTH",134.086600,-22.500000,0.000000,top
"REF**","NPTH","NPTH",234.754400,-190.025400,0.000000,top
"REF**","NPTH","NPTH",65.519327,-100.996668,0.000000,top
"REF**","NPTH","NPTH",98.123000,-78.313200,0.000000,top
"REF**","NPTH","NPTH",56.701600,-190.033000,0.000000,top
"REF**","NPTH","NPTH",220.929400,-217.939600,0.000000,top
"REF**","NPTH","NPTH",101.885000,-92.313200,0.000000,top
"REF**","NPTH","NPTH",219.929400,-78.313200,0.000000,top
"REF**","NPTH","NPTH",219.691400,-92.313200,0.000000,top
"REF**","NPTH","NPTH",56.701600,-50.406600,0.000000,top
"REF**","NPTH","NPTH",191.489800,-22.500000,0.000000,top
"REF**","NPTH","NPTH",154.526200,-78.313200,0.000000,top
"REF**","NPTH","NPTH",240.911200,-217.439600,0.000000,top
"REF**","NPTH","NPTH",202.709600,-120.219800,0.000000,top
"REF**","NPTH","NPTH",187.489800,-162.126400,0.000000,top
"REF**","NPTH","NPTH",111.268000,-49.859000,0.000000,top
"REF**","NPTH","NPTH",218.929400,-78.313200,0.000000,top
"REF**","NPTH","NPTH",173.508000,-120.219800,0.000000,top
"REF**","NPTH","NPTH",222.442305,-140.300659,0.000000,top
"REF**","NPTH","NPTH",130.324600,-148.126400,0.000000,top
"REF**","NPTH","NPTH",85.903200,-190.033000,0.000000,top
"REF**","NPTH","NPTH",152.472961,-32.041196,0.000000,top
"REF**","NPTH","NPTH",105.123000,-217.939600,0.000000,top
"REF**","NPTH","NPTH",71.921400,-148.126400,0.000000,top
"REF**","NPTH","NPTH",144.306400,-190.033000,0.000000,top
"REF**","NPTH","NPTH",82.736400,-120.242200,0.000000,top
"REF**","NPTH","NPTH",94.069761,-32.041196,0.000000,top
"REF**","NPTH","NPTH",173.508000,-50.406600,0.000000,top
"REF**","NPTH","NPTH",71.683400,-162.126400,0.000000,top
"REF**","NPTH","NPTH",56.701600,-120.219800,0.000000,top
"REF**","NPTH","NPTH",173.508000,-190.033000,0.000000,top
"REF**","NPTH","NPTH",173.508000,-190.033000,0.000000,top
"REF**","NPTH","NPTH",118.271600,-190.010600,180.000000,top
"REF**","NPTH","NPTH",127.324600,-148.126400,0.000000,top
"REF**","NPTH","NPTH",135.488672,-209.256131,0.000000,top
"REF**","NPTH","NPTH",162.526200,-78.313200,0.000000,top
"REF**","NPTH","NPTH",236.411200,-154.126400,0.000000,top
"REF**","NPTH","NPTH",205.876400,-120.197400,180.000000,top
"REF**","NPTH","NPTH",131.086600,-22.500000,0.000000,top
"REF**","NPTH","NPTH",162.526200,-217.939600,0.000000,top
"REF**","NPTH","NPTH",85.903200,-120.219800,0.000000,top
"REF**","NPTH","NPTH",123.271361,-101.854395,0.000000,top
"REF**","NPTH","NPTH",23.000000,-86.313200,0.000000,top
"REF**","NPTH","NPTH",59.868400,-50.384200,180.000000,top
"REF**","NPTH","NPTH",115.104800,-190.033000,0.000000,top
"REF**","NPTH","NPTH",177.344800,-190.580600,180.000000,top
"REF**","NPTH","NPTH",217.691400,-92.313200,0.000000,top
"REF**","NPTH","NPTH",70.921400,-148.126400,0.000000,top
"REF**","NPTH","NPTH",73.921400,-148.126400,0.000000,top
"REF**","NPTH","NPTH",42.719800,-217.939600,0.000000,top
"REF**","NPTH","NPTH",140.469600,-119.672200,0.000000,top
"REF**","NPTH","NPTH",141.139600,-120.242200,0.000000,top
"REF**","NPTH","NPTH",242.911200,-217.439600,0.000000,top
"REF**","NPTH","NPTH",236.411200,-87.313200,0.000000,top
"REF**","NPTH","NPTH",236.411200,-157.126400,0.000000,top
"REF**","NPTH","NPTH",35.666562,-171.667595,0.000000,top
"REF**","NPTH","NPTH",46.481800,-92.313200,0.000000,top
"REF**","NPTH","NPTH",184.727800,-148.126400,0.000000,top
"REF**","NPTH","NPTH",77.085472,-209.256131,0.000000,top
"REF**","NPTH","NPTH",193.891872,-209.256131,0.000000,top
"REF**","NPTH","NPTH",52.864800,-189.485400,0.000000,top
"REF**","NPTH","NPTH",44.719800,-78.313200,0.000000,top
"REF**","NPTH","NPTH",96.123000,-217.939600,0.000000,top
"REF**","NPTH","NPTH",185.489800,-162.126400,0.000000,top
"REF**","NPTH","NPTH",164.039105,-140.300659,0.000000,top
"REF**","NPTH","NPTH",202.709600,-120.219800,0.000000,top
"REF**","NPTH","NPTH",129.086600,-22.500000,0.000000,top
"REF**","NPTH","NPTH",236.411200,-83.313200,0.000000,top
"REF**","NPTH","NPTH",155.288200,-92.313200,0.000000,top
"REF**","NPTH","NPTH",30.666800,-120.197400,180.000000,top
"REF**","NPTH","NPTH",186.727800,-148.126400,0.000000,top
"REF**","NPTH","NPTH",129.086600,-162.126400,0.000000,top
"REF**","NPTH","NPTH",73.683400,-162.126400,0.000000,top
"REF**","NPTH","NPTH",43.481800,-92.313200,0.000000,top
"REF**","NPTH","NPTH",242.911200,-23.000000,0.000000,top
"REF**","NPTH","NPTH",85.903200,-50.406600,0.000000,top
"REF**","NPTH","NPTH",115.104800,-120.219800,0.000000,top
"REF**","NPTH","NPTH",220.929400,-78.313200,0.000000,top
"REF**","NPTH","NPTH",56.701600,-190.033000,0.000000,top
"REF**","NPTH","NPTH",115.104800,-190.033000,0.000000,top
"REF**","NPTH","NPTH",134.837505,-70.487459,0.000000,top
"REF**","NPTH","NPTH",98.885000,-92.313200,0.000000,top
"REF**","NPTH","NPTH",134.837505,-210.113859,0.000000,top
"REF**","NPTH","NPTH",183.489800,-22.500000,0.000000,top
"REF**","NPTH","NPTH",243.911200,-217.439600,0.000000,top
"REF**","NPTH","NPTH",97.123000,-78.313200,0.000000,top
"REF**","NPTH","NPTH",239.911200,-217.439600,0.000000,top
"REF**","NPTH","NPTH",126.086600,-22.500000,0.000000,top
"REF**","NPTH","NPTH",214.929400,-78.313200,0.000000,top
"REF**","NPTH","NPTH",161.288200,-92.313200,0.000000,top
"REF**","NPTH","NPTH",100.123000,-78.313200,0.000000,top
"REF**","NPTH","NPTH",56.701600,-120.219800,0.000000,top
"REF**","NPTH","NPTH",39.719800,-78.313200,0.000000,top
"REF**","NPTH","NPTH",43.719800,-217.939600,0.000000,top
"REF**","NPTH","NPTH",19.500000,-217.439600,0.000000,top
"REF**","NPTH","NPTH",163.288200,-92.313200,0.000000,top
"REF**","NPTH","NPTH",134.086600,-162.126400,0.000000,top
"REF**","NPTH","NPTH",23.000000,-87.313200,0.000000,top
"REF**","NPTH","NPTH",157.526200,-78.313200,0.000000,top
"REF**","NPTH","NPTH",23.000000,-84.313200,0.000000,top
"REF**","NPTH","NPTH",96.123000,-78.313200,0.000000,top
"REF**","NPTH","NPTH",212.178494,-30.325741,0.000000,top
"REF**","NPTH","NPTH",96.885000,-92.313200,0.000000,top
"REF**","NPTH","NPTH",130.086600,-22.500000,0.000000,top
"REF**","NPTH","NPTH",170.341200,-190.055400,0.000000,top
"REF**","NPTH","NPTH",148.143200,-120.767400,180.000000,top
"REF**","NPTH","NPTH",69.683400,-162.126400,0.000000,top
"REF**","NPTH","NPTH",216.691400,-92.313200,0.000000,top
"REF**","NPTH","NPTH",211.527327,-170.809868,0.000000,top
"REF**","NPTH","NPTH",189.727800,-148.126400,0.000000,top
"REF**","NPTH","NPTH",60.538400,-50.954200,180.000000,top
"REF**","NPTH","NPTH",94.069761,-171.667595,0.000000,top
"REF**","NPTH","NPTH",170.941200,-190.675400,0.000000,top
"REF**","NPTH","NPTH",144.306400,-120.219800,0.000000,top
"REF**","NPTH","NPTH",223.744638,-138.585204,0.000000,top
"REF**","NPTH","NPTH",82.066400,-119.672200,0.000000,top
"REF**","NPTH","NPTH",111.938000,-190.055400,0.000000,top
"REF**","NPTH","NPTH",133.086600,-162.126400,0.000000,top
"REF**","NPTH","NPTH",38.719800,-217.939600,0.000000,top
"REF**","NPTH","NPTH",215.929400,-217.939600,0.000000,top
"REF**","NPTH","NPTH",72.921400,-148.126400,0.000000,top
"REF**","NPTH","NPTH",23.000000,-83.313200,0.000000,top
"REF**","NPTH","NPTH",115.104800,-190.033000,0.000000,top
"REF**","NPTH","NPTH",45.719800,-217.939600,0.000000,top
"REF**","NPTH","NPTH",144.306400,-50.406600,0.000000,top
"REF**","NPTH","NPTH",105.123000,-78.313200,0.000000,top
"REF**","NPTH","NPTH",213.691400,-92.313200,0.000000,top
"REF**","NPTH","NPTH",56.701600,-50.406600,0.000000,top
"REF**","NPTH","NPTH",36.968895,-30.325741,0.000000,top
"REF**","NPTH","NPTH",235.866400,-120.227400,0.000000,top
"REF**","NPTH","NPTH",202.709600,-50.406600,0.000000,top
"REF**","NPTH","NPTH",75.921400,-148.126400,0.000000,top
"REF**","NPTH","NPTH",198.872800,-119.672200,0.000000,top
"REF**","NPTH","NPTH",173.508000,-120.219800,0.000000,top
"REF**","NPTH","NPTH",23.544800,-190.025400,0.000000,top
"REF**","NPTH","NPTH",106.287072,-139.442931,0.000000,top
"REF**","NPTH","NPTH",189.489800,-22.500000,0.000000,top
"REF**","NPTH","NPTH",144.306400,-50.406600,0.000000,top
"REF**","NPTH","NPTH",89.070000,-120.197400,180.000000,top
"REF**","NPTH","NPTH",54.134800,-190.675400,0.000000,top
"REF**","NPTH","NPTH",56.701600,-190.033000,0.000000,top
"REF**","NPTH","NPTH",221.929400,-217.939600,0.000000,top
"REF**","NPTH","NPTH",104.123000,-217.939600,0.000000,top
"REF**","NPTH","NPTH",153.124127,-170.809868,0.000000,top
"REF**","NPTH","NPTH",185.489800,-22.500000,0.000000,top
"REF**","NPTH","NPTH",216.929400,-78.313200,0.000000,top
"REF**","NPTH","NPTH",103.885000,-92.313200,0.000000,top
"REF**","NPTH","NPTH",38.719800,-78.313200,0.000000,top
"REF**","NPTH","NPTH",161.526200,-217.939600,0.000000,top
"REF**","NPTH","NPTH",66.921400,-148.126400,0.000000,top
"REF**","NPTH","NPTH",193.891872,-69.629731,0.000000,top
"REF**","NPTH","NPTH",239.911200,-23.000000,0.000000,top
"REF**","NPTH","NPTH",214.691400,-92.313200,0.000000,top
"REF**","NPTH","NPTH",190.489800,-162.126400,0.000000,top
"REF**","NPTH","NPTH",106.938238,-138.585204,0.000000,top
"REF**","NPTH","NPTH",35.666562,-32.041196,0.000000,top
"REF**","NPTH","NPTH",217.929400,-217.939600,0.000000,top
"REF**","NPTH","NPTH",128.324600,-148.126400,0.000000,top
"REF**","NPTH","NPTH",111.938000,-50.429000,0.000000,top
"REF**","NPTH","NPTH",89.740000,-120.767400,180.000000,top
"REF**","NPTH","NPTH",236.411200,-84.313200,0.000000,top
"REF**","NPTH","NPTH",130.086600,-162.126400,0.000000,top
"SW1","SW_DPST_x2","SW_Push_K2-1102SP",217.380400,-122.196400,-90.000000,top
"SW1","SW_DPST_x2","SW_Push_K2-1102SP",71.372400,-192.009600,-90.000000,top
"SW1","SW_DPST_x2","SW_Push_K2-1102SP",71.232400,-118.243200,90.000000,top
"SW1","SW_DPST_x2","SW_Push_K2-1102SP",42.170800,-122.196400,-90.000000,top
"SW1","SW_DPST_x2","SW_Push_K2-1102SP",188.178800,-192.009600,-90.000000,top
"SW1","SW_DPST_x2","SW_Push_K2-1102SP",158.837200,-48.430000,90.000000,top
"SW1","SW_DPST_x2","SW_Push_K2-1102SP",217.240400,-188.056400,90.000000,top
"SW1","SW_DPST_x2","SW_Push_K2-1102SP",129.635600,-118.243200,90.000000,top
"SW1","SW_DPST_x2","SW_Push_K2-1102SP",100.434000,-48.430000,90.000000,top
"SW1","SW_DPST_x2","SW_Push_K2-1102SP",42.030800,-188.056400,90.000000,top
"SW1","SW_DPST_x2","SW_Push_K2-1102SP",129.775600,-192.009600,-90.000000,top
"SW1","SW_DPST_x2","SW_Push_K2-1102SP",100.434000,-188.056400,90.000000,top
"SW1","SW_DPST_x2","SW_Push_K2-1102SP",100.574000,-122.196400,-90.000000,top
"SW1","SW_DPST_x2","SW_Push_K2-1102SP",188.178800,-52.383200,-90.000000,top
"SW1","SW_DPST_x2","SW_Push_K2-1102SP",217.240400,-48.430000,90.000000,top
"SW1","SW_DPST_x2","SW_Push_K2-1102SP",158.977200,-122.196400,-90.000000,top
"SW1","SW_DPST_x2","SW_Push_K2-1102SP",158.837200,-188.056400,90.000000,top
"SW1","SW_DPST_x2","SW_Push_K2-1102SP",71.372400,-52.383200,-90.000000,top
"SW1","SW_DPST_x2","SW_Push_K2-1102SP",188.038800,-118.243200,90.000000,top
"SW1","SW_DPST_x2","SW_Push_K2-1102SP",42.030800,-48.430000,90.000000,top
"SW1","SW_DPST_x2","SW_Push_K2-1102SP",129.775600,-52.383200,-90.000000,top
"U1","STC8G1K08-SOP16","STC_SOP-16_3.9x9.9mm_P1.27mm",100.698000,-60.819000,-90.000000,top
"U1","STC8G1K08-SOP16","STC_SOP-16_3.9x9.9mm_P1.27mm",187.914800,-179.620600,90.000000,top
"U1","STC8G1K08-SOP16","STC_SOP-16_3.9x9.9mm_P1.27mm",71.108400,-179.620600,90.000000,top
"U1","STC8G1K08-SOP16","STC_SOP-16_3.9x9.9mm_P1.27mm",42.294800,-200.445400,-90.000000,top
"U1","STC8G1K08-SOP16","STC_SOP-16_3.9x9.9mm_P1.27mm",42.294800,-60.819000,-90.000000,top
"U1","STC8G1K08-SOP16","STC_SOP-16_3.9x9.9mm_P1.27mm",217.116400,-109.807400,90.000000,top
"U1","STC8G1K08-SOP16","STC_SOP-16_3.9x9.9mm_P1.27mm",100.310000,-109.807400,90.000000,top
"U1","STC8G1K08-SOP16","STC_SOP-16_3.9x9.9mm_P1.27mm",217.504400,-200.445400,-90.000000,top
"U1","STC8G1K08-SOP16","STC_SOP-16_3.9x9.9mm_P1.27mm",100.698000,-200.445400,-90.000000,top
"U1","STC8G1K08-SOP16","STC_SOP-16_3.9x9.9mm_P1.27mm",159.101200,-200.445400,-90.000000,top
"U1","STC8G1K08-SOP16","STC_SOP-16_3.9x9.9mm_P1.27mm",129.511600,-179.620600,90.000000,top
"U1","STC8G1K08-SOP16","STC_SOP-16_3.9x9.9mm_P1.27mm",41.906800,-109.807400,90.000000,top
"U1","STC8G1K08-SOP16","STC_SOP-16_3.9x9.9mm_P1.27mm",187.914800,-39.994200,90.000000,top
"U1","STC8G1K08-SOP16","STC_SOP-16_3.9x9.9mm_P1.27mm",217.504400,-60.819000,-90.000000,top
"U1","STC8G1K08-SOP16","STC_SOP-16_3.9x9.9mm_P1.27mm",158.713200,-109.807400,90.000000,top
"U1","STC8G1K08-SOP16","STC_SOP-16_3.9x9.9mm_P1.27mm",129.511600,-39.994200,90.000000,top
"U1","STC8G1K08-SOP16","STC_SOP-16_3.9x9.9mm_P1.27mm",71.496400,-130.632200,-90.000000,top
"U1","STC8G1K08-SOP16","STC_SOP-16_3.9x9.9mm_P1.27mm",71.108400,-39.994200,90.000000,top
"U1","STC8G1K08-SOP16","STC_SOP-16_3.9x9.9mm_P1.27mm",159.101200,-60.819000,-90.000000,top
"U1","STC8G1K08-SOP16","STC_SOP-16_3.9x9.9mm_P1.27mm",129.899600,-130.632200,-90.000000,top
"U1","STC8G1K08-SOP16","STC_SOP-16_3.9x9.9mm_P1.27mm",188.302800,-130.632200,-90.000000,top
